Const,Your Rating,Date Rated,Title,Original Title,URL,Title Type,IMDb Rating,Runtime (mins),Year,Genres,Num Votes,Release Date,Directors
tt0068646,10,2026-02-22,"The Godfather","The Godfather",https://www.imdb.com/title/tt0068646,Movie,9.2,175,1972,"Crime, Drama",2206046,"1972-03-24","Francis Ford Coppola"
tt0112857,8,2026-02-22,"Devil in a Blue Dress","Devil in a Blue Dress",https://www.imdb.com/title/tt0112857,Movie,6.8,102,1995,"Drama, Crime, Thriller, Mystery",27300,"1995-09-29","Carl Franklin"
tt13375076,9,2026-02-22,"The Pope's Exorcist","The Pope's Exorcist",https://www.imdb.com/title/tt13375076,Movie,6.1,103,2023,"Horror, Thriller",101089,"2023-04-14","Julius Avery"
tt0120660,9,2026-02-22,"Enemy of the State","Enemy of the State",https://www.imdb.com/title/tt0120660,Movie,7.3,132,1998,"Action, Thriller",273497,"1998-11-20","Tony Scott"
tt0102926,10,2026-02-22,"The Silence of the Lambs","The Silence of the Lambs",https://www.imdb.com/title/tt0102926,Movie,8.6,118,1991,"Crime, Drama, Horror, Thriller",1705836,"1991-02-14","Jonathan Demme"
tt0120815,10,2026-02-22,"Saving Private Ryan","Saving Private Ryan",https://www.imdb.com/title/tt0120815,Movie,8.6,169,1998,"Drama, War",1624891,"1998-07-24","Steven Spielberg"
tt0101272,6,2026-02-22,"The Addams Family","The Addams Family",https://www.imdb.com/title/tt0101272,Movie,7.0,99,1991,"Fantasy, Comedy",200132,"1991-11-22","Barry Sonnenfeld"
tt1800241,9,2026-02-22,"American Hustle","American Hustle",https://www.imdb.com/title/tt1800241,Movie,7.2,138,2013,"Drama, Crime",517032,"2013-12-20","David O. Russell"
tt0047528,10,2026-02-22,"La Strada","La strada",https://www.imdb.com/title/tt0047528,Movie,8.0,108,1954,"Drama",69637,"1956-07-16","Federico Fellini"
tt0040866,9,2026-02-22,"La Terra Trema","La terra trema",https://www.imdb.com/title/tt0040866,Movie,7.8,160,1948,"Drama",6129,"1957","Luchino Visconti"
tt10128846,9,2026-02-22,"Megalopolis","Francis Ford Coppola's Megalopolis: A Fable",https://www.imdb.com/title/tt10128846,Movie,4.7,138,2024,"Drama, Sci-Fi, Fantasy",41325,"2024-09-27","Francis Ford Coppola"
tt0106489,7,2026-02-22,"A Bronx Tale","A Bronx Tale",https://www.imdb.com/title/tt0106489,Movie,7.8,121,1993,"Crime, Drama",182587,"1993-10-01","Robert De Niro"
tt0119488,9,2026-02-22,"L.A. Confidential","L.A. Confidential",https://www.imdb.com/title/tt0119488,Movie,8.2,138,1997,"Crime, Drama, Thriller, Mystery",655568,"1997-09-19","Curtis Hanson"
tt0120915,7,2026-02-22,"Star Wars: Episode I - The Phantom Menace","Star Wars: Episode I - The Phantom Menace",https://www.imdb.com/title/tt0120915,Movie,6.5,136,1999,"Fantasy, Sci-Fi, Adventure, Action",919439,"1999-05-19","George Lucas"
tt0235198,7,2026-02-22,"Audition","Ôdishon",https://www.imdb.com/title/tt0235198,Movie,7.1,115,1999,"Drama, Mystery, Horror",98292,"2000-03-03","Takashi Miike"
tt0081398,10,2026-02-22,"Raging Bull","Raging Bull",https://www.imdb.com/title/tt0081398,Movie,8.1,129,1980,"Sport, Biography, Drama",407636,"1980-12-19","Martin Scorsese"
tt0159365,9,2026-02-22,"Cold Mountain","Cold Mountain",https://www.imdb.com/title/tt0159365,Movie,7.2,154,2003,"Adventure, Romance, Drama, War",163576,"2003-12-25","Anthony Minghella"
tt0119223,8,2026-02-22,"Great Expectations","Great Expectations",https://www.imdb.com/title/tt0119223,Movie,6.8,111,1998,"Romance, Drama",59879,"1998-01-30","Alfonso Cuarón"
tt0091605,9,2026-02-22,"The Name of the Rose","The Name of the Rose",https://www.imdb.com/title/tt0091605,Movie,7.7,130,1986,"Drama, Thriller, Mystery",126285,"1986-09-24","Jean-Jacques Annaud"
tt0113277,9,2026-02-22,"Heat","Heat",https://www.imdb.com/title/tt0113277,Movie,8.3,170,1995,"Drama, Action, Crime",793948,"1995-12-15","Michael Mann"
tt0109830,10,2026-02-22,"Forrest Gump","Forrest Gump",https://www.imdb.com/title/tt0109830,Movie,8.8,142,1994,"Romance, Drama",2473868,"1994-07-06","Robert Zemeckis"
tt0107808,8,2026-02-22,"A Perfect World","A Perfect World",https://www.imdb.com/title/tt0107808,Movie,7.5,138,1993,"Crime, Thriller, Drama",92989,"1993-11-24","Clint Eastwood"
tt0106519,8,2026-02-22,"Carlito's Way","Carlito's Way",https://www.imdb.com/title/tt0106519,Movie,7.9,144,1993,"Crime, Thriller, Drama",246352,"1993-11-12","Brian De Palma"
tt0054189,9,2026-02-22,"Purple Noon","Plein soleil",https://www.imdb.com/title/tt0054189,Movie,7.7,118,1960,"Drama, Crime, Thriller",23669,"1960-03-10","René Clément"
tt0181852,2,2026-02-22,"Terminator 3: Rise of the Machines","Terminator 3: Rise of the Machines",https://www.imdb.com/title/tt0181852,Movie,6.3,109,2003,"Sci-Fi, Action",435169,"2003-07-02","Jonathan Mostow"
tt0120689,8,2026-02-22,"The Green Mile","The Green Mile",https://www.imdb.com/title/tt0120689,Movie,8.6,189,1999,"Crime, Fantasy, Mystery, Drama",1547396,"1999-12-10","Frank Darabont"
tt1392214,9,2026-02-22,"Prisoners","Prisoners",https://www.imdb.com/title/tt1392214,Movie,8.2,153,2013,"Crime, Drama, Thriller, Mystery",922002,"2013-09-20","Denis Villeneuve"
tt0343818,7,2026-02-22,"I, Robot","I, Robot",https://www.imdb.com/title/tt0343818,Movie,7.1,115,2004,"Action, Mystery, Sci-Fi, Thriller",611357,"2004-07-16","Alex Proyas"
tt0112573,9,2026-02-22,"Braveheart","Braveheart",https://www.imdb.com/title/tt0112573,Movie,8.3,178,1995,"Biography, Drama, War",1154859,"1995-05-24","Mel Gibson"
tt0480249,7,2026-02-22,"I Am Legend","I Am Legend",https://www.imdb.com/title/tt0480249,Movie,7.2,101,2007,"Drama, Sci-Fi, Thriller, Horror",870683,"2007-12-14","Francis Lawrence"
tt0107798,8,2026-02-22,"The Pelican Brief","The Pelican Brief",https://www.imdb.com/title/tt0107798,Movie,6.6,141,1993,"Crime, Drama, Mystery, Thriller",103123,"1993-12-17","Alan J. Pakula"
tt0056801,10,2026-02-22,"8½","8½",https://www.imdb.com/title/tt0056801,Movie,8.0,138,1963,"Drama",132125,"1963-06-24","Federico Fellini"
tt0044081,10,2026-02-22,"A Streetcar Named Desire","A Streetcar Named Desire",https://www.imdb.com/title/tt0044081,Movie,7.9,122,1951,"Drama",119491,"1951-09-19","Elia Kazan"
tt0284490,2,2026-02-22,"Showtime","Showtime",https://www.imdb.com/title/tt0284490,Movie,5.6,95,2002,"Crime, Comedy, Action",67068,"2002-03-15","Tom Dey"
tt0335345,10,2026-02-22,"The Passion of the Christ","The Passion of the Christ",https://www.imdb.com/title/tt0335345,Movie,7.3,127,2004,"Drama",269430,"2004-02-25","Mel Gibson"
tt0118694,10,2026-02-22,"In the Mood for Love","Fa yeung nin wah",https://www.imdb.com/title/tt0118694,Movie,8.0,98,2000,"Romance, Drama",186287,"2001-03-09","Wong Kar-Wai"
tt0067943,9,2026-02-22,"The Widow Couderc","La veuve Couderc",https://www.imdb.com/title/tt0067943,Movie,6.9,92,1971,"Action, Romance, Thriller, Drama",2446,"1971-10-13","Pierre Granier-Deferre"
tt0118548,9,2026-02-22,"Absolute Power","Absolute Power",https://www.imdb.com/title/tt0118548,Movie,6.7,121,1997,"Crime, Drama, Action, Thriller",64587,"1997-02-14","Clint Eastwood"
tt0094291,8,2026-02-22,"Wall Street","Wall Street",https://www.imdb.com/title/tt0094291,Movie,7.3,126,1987,"Crime, Drama",173779,"1987-12-11","Oliver Stone"
tt0099810,8,2026-02-22,"The Hunt for Red October","The Hunt for Red October",https://www.imdb.com/title/tt0099810,Movie,7.5,135,1990,"Action, Thriller, Adventure",229529,"1990-03-02","John McTiernan"
tt0070379,9,2026-02-22,"Mean Streets","Mean Streets",https://www.imdb.com/title/tt0070379,Movie,7.2,112,1973,"Thriller, Crime, Drama",127372,"1973-10-14","Martin Scorsese"
tt0111257,9,2026-02-22,"Speed","Speed",https://www.imdb.com/title/tt0111257,Movie,7.3,116,1994,"Adventure, Thriller, Action",420398,"1994-06-10","Jan de Bont"
tt0119177,10,2026-02-22,"Gattaca","Gattaca",https://www.imdb.com/title/tt0119177,Movie,7.7,106,1997,"Sci-Fi, Drama, Thriller",344697,"1997-10-24","Andrew Niccol"
tt0077594,9,2026-02-22,"Game of Death","Game of Death",https://www.imdb.com/title/tt0077594,Movie,5.9,100,1978,"Drama, Thriller, Crime, Action",23946,"1979-06-08","Robert Clouse,Bruce Lee"
tt0099348,9,2026-02-22,"Dances with Wolves","Dances with Wolves",https://www.imdb.com/title/tt0099348,Movie,8.0,181,1990,"Drama, Adventure, Western",308120,"1990-11-21","Kevin Costner"
tt0103874,9,2026-02-22,"Dracula","Bram Stoker's Dracula",https://www.imdb.com/title/tt0103874,Movie,7.4,128,1992,"Fantasy, Romance, Horror",267099,"1992-11-13","Francis Ford Coppola"
tt0093058,9,2026-02-22,"Full Metal Jacket","Full Metal Jacket",https://www.imdb.com/title/tt0093058,Movie,8.2,116,1987,"Drama, War",845464,"1987-07-10","Stanley Kubrick"
tt0120685,6,2026-02-22,"Godzilla","Godzilla",https://www.imdb.com/title/tt0120685,Movie,5.5,139,1998,"Action, Sci-Fi, Thriller",212251,"1998-05-20","Roland Emmerich"
tt7458762,9,2026-02-22,"The Wolf's Call","Le chant du loup",https://www.imdb.com/title/tt7458762,Movie,6.9,115,2019,"Thriller, Action",23993,"2019-06-20","Antonin Baudry"
tt0120201,8,2026-02-22,"Starship Troopers","Starship Troopers",https://www.imdb.com/title/tt0120201,Movie,7.3,129,1997,"Action, Adventure, Thriller, Sci-Fi",343930,"1997-11-07","Paul Verhoeven"
tt15239678,10,2026-02-22,"Dune: Part Two","Dune: Part Two",https://www.imdb.com/title/tt15239678,Movie,8.4,166,2024,"Adventure, Drama, Sci-Fi, Action",717510,"2024-03-01","Denis Villeneuve"
tt0118971,9,2026-02-22,"The Devil's Advocate","The Devil's Advocate",https://www.imdb.com/title/tt0118971,Movie,7.5,144,1997,"Thriller, Mystery, Fantasy, Drama",440392,"1997-10-17","Taylor Hackford"
tt0099077,9,2026-02-22,"Awakenings","Awakenings",https://www.imdb.com/title/tt0099077,Movie,7.8,121,1990,"Biography, Drama",175633,"1991-01-11","Penny Marshall"
tt0094947,9,2026-02-22,"Dangerous Liaisons","Dangerous Liaisons",https://www.imdb.com/title/tt0094947,Movie,7.5,119,1988,"Romance, Drama",79534,"1989-02-24","Stephen Frears"
tt0051378,9,2026-02-22,"Elevator to the Gallows","Ascenseur pour l'échafaud",https://www.imdb.com/title/tt0051378,Movie,7.9,91,1958,"Crime, Drama, Thriller",31318,"1958-02-01","Louis Malle"
tt0112851,6,2026-02-22,"Desperado","Desperado",https://www.imdb.com/title/tt0112851,Movie,7.1,104,1995,"Crime, Western, Drama, Thriller, Action",207273,"1995-08-25","Robert Rodriguez"
tt0107840,6,2026-02-22,"Poetic Justice","Poetic Justice",https://www.imdb.com/title/tt0107840,Movie,6.2,109,1993,"Romance, Drama",18104,"1993-07-23","John Singleton"
tt0057091,10,2026-02-22,"The Leopard","Il gattopardo",https://www.imdb.com/title/tt0057091,Movie,7.9,186,1963,"History, Drama",34285,"1963-03-29","Luchino Visconti"
tt0057344,9,2026-02-22,"Any Number Can Win","Mélodie en sous-sol",https://www.imdb.com/title/tt0057344,Movie,7.3,118,1963,"Drama, Romance, Crime",5144,"1963-03-19","Henri Verneuil"
tt0120737,9,2026-02-22,"The Lord of the Rings: The Fellowship of the Ring","The Lord of the Rings: The Fellowship of the Ring",https://www.imdb.com/title/tt0120737,Movie,8.9,178,2001,"Drama, Adventure, Fantasy",2187442,"2001-12-19","Peter Jackson"
tt0100263,6,2026-02-22,"La Femme Nikita","Nikita",https://www.imdb.com/title/tt0100263,Movie,7.2,117,1990,"Action, Crime, Drama, Thriller",81114,"1991-04","Luc Besson"
tt0056736,9,2026-02-22,"L'Eclisse","L'eclisse",https://www.imdb.com/title/tt0056736,Movie,7.7,126,1962,"Romance, Drama",24133,"1962-12-20","Michelangelo Antonioni"
tt0167404,7,2026-02-22,"The Sixth Sense","The Sixth Sense",https://www.imdb.com/title/tt0167404,Movie,8.2,107,1999,"Mystery, Drama, Thriller",1135777,"1999-08-06","M. Night Shyamalan"
tt0076759,8,2026-02-22,"Star Wars: Episode IV - A New Hope","Star Wars",https://www.imdb.com/title/tt0076759,Movie,8.6,121,1977,"Sci-Fi, Adventure, Fantasy, Action",1558565,"1977-05-25","George Lucas"
tt1392190,9,2026-02-22,"Mad Max: Fury Road","Mad Max: Fury Road",https://www.imdb.com/title/tt1392190,Movie,8.1,120,2015,"Action, Adventure, Sci-Fi",1198639,"2015-05-15","George Miller"
tt0075148,10,2026-02-22,"Rocky","Rocky",https://www.imdb.com/title/tt0075148,Movie,8.1,120,1976,"Sport, Drama",683063,"1976-12-03","John G. Avildsen"
tt0079501,5,2026-02-22,"Mad Max","Mad Max",https://www.imdb.com/title/tt0079501,Movie,6.8,88,1979,"Sci-Fi, Thriller, Adventure, Action",243531,"1980-03-21","George Miller"
tt0060196,9,2026-02-22,"The Good, the Bad and the Ugly","Il buono, il brutto, il cattivo",https://www.imdb.com/title/tt0060196,Movie,8.8,178,1966,"Adventure, Drama, Western",885288,"1967-12-29","Sergio Leone"
tt0234215,8,2026-02-22,"The Matrix Reloaded","The Matrix Reloaded",https://www.imdb.com/title/tt0234215,Movie,7.2,138,2003,"Action, Sci-Fi",666789,"2003-05-15","Lana Wachowski,Lilly Wachowski"
tt0118883,8,2026-02-22,"Conspiracy Theory","Conspiracy Theory",https://www.imdb.com/title/tt0118883,Movie,6.7,135,1997,"Action, Drama, Crime, Thriller, Mystery",113604,"1997-08-08","Richard Donner"
tt0067355,9,2026-02-22,"They Call Me Trinity","Lo chiamavano Trinità...",https://www.imdb.com/title/tt0067355,Movie,7.4,115,1970,"Comedy, Western",27829,"1971-11-04","Enzo Barboni"
tt0104691,9,2026-02-22,"The Last of the Mohicans","The Last of the Mohicans",https://www.imdb.com/title/tt0104691,Movie,7.6,112,1992,"Adventure, Action, Drama, Romance, War",204912,"1992-09-25","Michael Mann"
tt0765429,8,2026-02-22,"American Gangster","American Gangster",https://www.imdb.com/title/tt0765429,Movie,7.8,157,2007,"Drama, Crime, Biography",482828,"2007-11-02","Ridley Scott"
tt0070034,10,2026-02-22,"Enter the Dragon","Enter the Dragon",https://www.imdb.com/title/tt0070034,Movie,7.6,99,1973,"Crime, Thriller, Action",119517,"1973-08-19","Robert Clouse"
tt0099939,8,2026-02-22,"King of New York","King of New York",https://www.imdb.com/title/tt0099939,Movie,6.9,103,1990,"Thriller, Crime",47720,"1991-08-29","Abel Ferrara"
tt0478304,10,2026-02-22,"The Tree of Life","The Tree of Life",https://www.imdb.com/title/tt0478304,Movie,6.8,139,2011,"Drama, Fantasy",191617,"2011-05-17","Terrence Malick"
tt0104573,8,2026-02-22,"Juice","Juice",https://www.imdb.com/title/tt0104573,Movie,7.0,95,1992,"Action, Crime, Drama, Thriller",33026,"1992-01-17","Ernest Dickerson"
tt0107818,7,2026-02-22,"Philadelphia","Philadelphia",https://www.imdb.com/title/tt0107818,Movie,7.7,125,1993,"Drama",272473,"1994-01-14","Jonathan Demme"
tt0091474,8,2026-02-22,"Manhunter","Manhunter",https://www.imdb.com/title/tt0091474,Movie,7.2,120,1986,"Crime, Mystery, Thriller",90626,"1986-08-15","Michael Mann"
tt0119174,9,2026-02-22,"The Game","The Game",https://www.imdb.com/title/tt0119174,Movie,7.7,129,1997,"Drama, Thriller, Mystery",466732,"1997-09-12","David Fincher"
tt0808357,10,2026-02-22,"Lust, Caution","Se, jie",https://www.imdb.com/title/tt0808357,Movie,7.5,157,2007,"Romance, War, Drama, Thriller, History",48193,"2007-10-26","Ang Lee"
tt0061101,9,2026-02-22,"Tokyo Drifter","Tôkyô nagaremono",https://www.imdb.com/title/tt0061101,Movie,7.1,82,1966,"Crime, Action",10471,"1966-04-10","Seijun Suzuki"
tt0108399,9,2026-02-22,"True Romance","True Romance",https://www.imdb.com/title/tt0108399,Movie,7.9,119,1993,"Thriller, Drama, Crime, Romance",259294,"1993-09-10","Tony Scott"
tt23853982,10,2026-02-22,"Parthenope","Parthenope",https://www.imdb.com/title/tt23853982,Movie,6.5,137,2024,"Drama, Fantasy",19757,"2025-06-06","Paolo Sorrentino"
tt0167261,10,2026-02-22,"The Lord of the Rings: The Two Towers","The Lord of the Rings: The Two Towers",https://www.imdb.com/title/tt0167261,Movie,8.8,179,2002,"Drama, Adventure, Fantasy",1939979,"2002-12-18","Peter Jackson"
tt0110413,9,2026-02-22,"Léon: The Professional","Léon",https://www.imdb.com/title/tt0110413,Movie,8.5,110,1994,"Action, Drama, Crime, Thriller",1342334,"1994-11-18","Luc Besson"
tt1186830,6,2026-02-22,"Agora","Agora",https://www.imdb.com/title/tt1186830,Movie,7.1,127,2009,"Adventure, Drama, History, Romance, Biography",76049,"2009-10-09","Alejandro Amenábar"
tt0092563,9,2026-02-22,"Angel Heart","Angel Heart",https://www.imdb.com/title/tt0092563,Movie,7.2,113,1987,"Horror, Thriller, Mystery",103156,"1987-03-06","Alan Parker"
tt0105695,10,2026-02-22,"Unforgiven","Unforgiven",https://www.imdb.com/title/tt0105695,Movie,8.2,130,1992,"Drama, Western",465897,"1992-08-07","Clint Eastwood"
tt0099423,8,2026-02-22,"Die Hard 2","Die Hard 2",https://www.imdb.com/title/tt0099423,Movie,7.2,124,1990,"Thriller, Action",405550,"1990-07-03","Renny Harlin"
tt31176520,7,2026-02-22,"Eddington","Eddington",https://www.imdb.com/title/tt31176520,Movie,6.6,148,2025,"Western, Comedy, Drama",52796,"2025-07-18","Ari Aster"
tt0955308,8,2026-02-22,"Robin Hood","Robin Hood",https://www.imdb.com/title/tt0955308,Movie,6.6,140,2010,"Drama, Action, History, Adventure",295229,"2010-05-14","Ridley Scott"
tt0095016,8,2026-02-22,"Die Hard","Die Hard",https://www.imdb.com/title/tt0095016,Movie,8.2,132,1988,"Thriller, Action",1023703,"1988-07-20","John McTiernan"
tt0105236,8,2026-02-22,"Reservoir Dogs","Reservoir Dogs",https://www.imdb.com/title/tt0105236,Movie,8.3,99,1992,"Crime, Thriller",1163167,"1992-09-02","Quentin Tarantino"
tt0089927,9,2026-02-22,"Rocky IV","Rocky IV",https://www.imdb.com/title/tt0089927,Movie,6.9,91,1985,"Sport, Drama",243155,"1985-11-27","Sylvester Stallone"
tt0081505,9,2026-02-22,"The Shining","The Shining",https://www.imdb.com/title/tt0081505,Movie,8.4,146,1980,"Drama, Horror",1215426,"1980-06-13","Stanley Kubrick"
tt0117060,6,2026-02-22,"Mission: Impossible","Mission: Impossible",https://www.imdb.com/title/tt0117060,Movie,7.2,110,1996,"Thriller, Adventure, Action",514316,"1996-05-22","Brian De Palma"
tt3066270,9,2026-02-22,"Sole a catinelle","Sole a catinelle",https://www.imdb.com/title/tt3066270,Movie,6.4,87,2013,"Comedy",8019,"2013-10-31","Gennaro Nunziante"
tt0278488,9,2026-02-22,"How High","How High",https://www.imdb.com/title/tt0278488,Movie,6.2,93,2001,"Fantasy, Comedy",65036,"2001-12-21","Jesse Dylan"
tt1715356,9,2026-02-22,"Tous les soleils","Tous les soleils",https://www.imdb.com/title/tt1715356,Movie,6.8,105,2011,"Comedy",2003,"2011-03-30","Philippe Claudel"
tt0100405,5,2026-02-22,"Pretty Woman","Pretty Woman",https://www.imdb.com/title/tt0100405,Movie,7.1,119,1990,"Romance, Comedy",401154,"1990-03-23","Garry Marshall"
tt0167260,9,2026-02-22,"The Lord of the Rings: The Return of the King","The Lord of the Rings: The Return of the King",https://www.imdb.com/title/tt0167260,Movie,9.0,201,2003,"Drama, Adventure, Fantasy",2146807,"2003-12-17","Peter Jackson"
tt0320661,10,2026-02-22,"Kingdom of Heaven","Kingdom of Heaven",https://www.imdb.com/title/tt0320661,Movie,7.3,144,2005,"Action, History, Adventure, War, Drama",349597,"2005-05-06","Ridley Scott"
tt0217869,8,2026-02-22,"Unbreakable","Unbreakable",https://www.imdb.com/title/tt0217869,Movie,7.3,106,2000,"Mystery, Drama, Sci-Fi, Thriller",465484,"2000-11-22","M. Night Shyamalan"
tt32058418,8,2026-02-22,"Locust","Chong",https://www.imdb.com/title/tt32058418,Movie,6.3,128,2024,"Drama, Thriller",146,"2025-07-30","Keff"
tt0101393,8,2026-02-22,"Backdraft","Backdraft",https://www.imdb.com/title/tt0101393,Movie,6.7,137,1991,"Action, Drama, Thriller, Mystery",93044,"1991-05-24","Ron Howard"
tt0068935,10,2026-02-22,"The Way of the Dragon","Meng long guo jiang",https://www.imdb.com/title/tt0068935,Movie,7.1,90,1972,"Crime, Adventure, Thriller, Drama, Comedy, Action",44334,"1973-09","Bruce Lee"
tt1302006,8,2026-02-22,"The Irishman","The Irishman",https://www.imdb.com/title/tt1302006,Movie,7.8,209,2019,"Crime, Drama, Biography, History, Thriller",468697,"2019-11-27","Martin Scorsese"
tt0064122,9,2026-02-22,"Camille 2000","Camille 2000",https://www.imdb.com/title/tt0064122,Movie,5.7,115,1969,"Romance, Drama",939,"1971-09-17","Radley Metzger"
tt0119008,9,2026-02-22,"Donnie Brasco","Donnie Brasco",https://www.imdb.com/title/tt0119008,Movie,7.7,127,1997,"Biography, Crime, Drama",354096,"1997-02-28","Mike Newell"
tt0106469,9,2026-02-22,"Blood In, Blood Out","Bound by Honor",https://www.imdb.com/title/tt0106469,Movie,7.9,180,1993,"Biography, Crime, Drama",37391,"1993-04-30","Taylor Hackford"
tt3397884,9,2026-02-22,"Sicario","Sicario",https://www.imdb.com/title/tt3397884,Movie,7.7,121,2015,"Drama, Crime, Mystery, Thriller, Action",531196,"2015-10-02","Denis Villeneuve"
tt0113247,9,2026-02-22,"La haine","La haine",https://www.imdb.com/title/tt0113247,Movie,8.1,98,1995,"Crime, Drama",223278,"1996-02-23","Mathieu Kassovitz"
tt28015403,8,2026-02-22,"Heretic","Heretic",https://www.imdb.com/title/tt28015403,Movie,7.0,111,2024,"Horror, Thriller",218038,"2024-11-08","Scott Beck,Bryan Woods"
tt0099674,9,2026-02-22,"The Godfather Part III","The Godfather Part III",https://www.imdb.com/title/tt0099674,Movie,7.5,162,1990,"Crime, Drama",451936,"1990-12-25","Francis Ford Coppola"
tt0096895,8,2026-02-22,"Batman","Batman",https://www.imdb.com/title/tt0096895,Movie,7.5,126,1989,"Adventure, Action",429892,"1989-06-23","Tim Burton"
tt0064116,10,2026-02-22,"Once Upon a Time in the West","C'era una volta il West",https://www.imdb.com/title/tt0064116,Movie,8.5,145,1968,"Drama, Western",381980,"1969-07-04","Sergio Leone"
tt0120347,5,2026-02-22,"Tomorrow Never Dies","Tomorrow Never Dies",https://www.imdb.com/title/tt0120347,Movie,6.5,119,1997,"Thriller, Adventure, Action",214557,"1997-12-19","Roger Spottiswoode"
tt0088247,8,2026-02-22,"The Terminator","The Terminator",https://www.imdb.com/title/tt0088247,Movie,8.1,107,1984,"Action, Adventure, Sci-Fi",996360,"1984-10-26","James Cameron"
tt1045658,9,2026-02-22,"Silver Linings Playbook","Silver Linings Playbook",https://www.imdb.com/title/tt1045658,Movie,7.7,122,2012,"Comedy, Drama, Romance",770650,"2012-12-25","David O. Russell"
tt0120663,9,2026-02-22,"Eyes Wide Shut","Eyes Wide Shut",https://www.imdb.com/title/tt0120663,Movie,7.5,159,1999,"Mystery, Drama, Thriller",422853,"1999-07-16","Stanley Kubrick"
tt0120586,8,2026-02-22,"American History X","American History X",https://www.imdb.com/title/tt0120586,Movie,8.5,119,1998,"Drama, Crime",1265616,"1998-11-20","Tony Kaye"
tt5290524,10,2026-02-22,"Quo vado?","Quo vado?",https://www.imdb.com/title/tt5290524,Movie,6.7,86,2016,"Comedy",14190,"2016-01-01","Gennaro Nunziante"
tt0054997,8,2026-02-22,"The Hustler","The Hustler",https://www.imdb.com/title/tt0054997,Movie,7.9,134,1961,"Sport, Drama",90720,"1961-09-25","Robert Rossen"
tt0064940,7,2026-02-22,"Satyricon","Fellini - Satyricon",https://www.imdb.com/title/tt0064940,Movie,6.8,129,1969,"Fantasy, Drama",18087,"1970-03-11","Federico Fellini"
tt0078788,10,2026-02-22,"Apocalypse Now","Apocalypse Now",https://www.imdb.com/title/tt0078788,Movie,8.4,147,1979,"Drama, Mystery, War",765385,"1979-08-15","Francis Ford Coppola"
tt0062229,10,2026-02-22,"Le Samouraï","Le samouraï",https://www.imdb.com/title/tt0062229,Movie,8.0,101,1967,"Crime, Drama, Thriller",65190,"1967-10-25","Jean-Pierre Melville"
tt0227445,8,2026-02-22,"The Score","The Score",https://www.imdb.com/title/tt0227445,Movie,6.8,124,2001,"Drama, Crime, Thriller",142819,"2001-07-13","Frank Oz"
tt0093409,6,2026-02-22,"Lethal Weapon","Lethal Weapon",https://www.imdb.com/title/tt0093409,Movie,7.6,109,1987,"Thriller, Crime, Action",294196,"1987-03-06","Richard Donner"
tt0090985,9,2026-02-22,"The Decline of the American Empire","Le déclin de l'empire américain",https://www.imdb.com/title/tt0090985,Movie,7.1,101,1986,"Drama, Comedy",9105,"1986-11-14","Denys Arcand"
tt0372784,10,2026-02-22,"Batman Begins","Batman Begins",https://www.imdb.com/title/tt0372784,Movie,8.2,140,2005,"Action, Crime, Drama, Thriller",1699832,"2005-06-15","Christopher Nolan"
tt0056512,10,2026-02-22,"Il sorpasso","Il sorpasso",https://www.imdb.com/title/tt0056512,Movie,8.2,108,1962,"Comedy, Adventure, Drama",14235,"1963-06-20","Dino Risi"
tt0144084,8,2026-02-22,"American Psycho","American Psycho",https://www.imdb.com/title/tt0144084,Movie,7.6,102,2000,"Crime, Horror, Drama",826645,"2000-04-14","Mary Harron"
tt0114746,9,2026-02-22,"12 Monkeys","Twelve Monkeys",https://www.imdb.com/title/tt0114746,Movie,8.0,129,1995,"Mystery, Sci-Fi, Thriller",676342,"1996-01-05","Terry Gilliam"
tt0139654,9,2026-02-22,"Training Day","Training Day",https://www.imdb.com/title/tt0139654,Movie,7.8,122,2001,"Crime, Drama, Thriller",512690,"2001-10-05","Antoine Fuqua"
tt0067116,9,2026-02-22,"The French Connection","The French Connection",https://www.imdb.com/title/tt0067116,Movie,7.7,104,1971,"Crime, Drama, Thriller, Action",149457,"1971-10-09","William Friedkin"
tt0112750,8,2026-02-22,"Crying Freeman","Crying Freeman",https://www.imdb.com/title/tt0112750,Movie,6.4,102,1995,"Crime, Thriller, Action",14332,"1996-04-24","Christophe Gans"
tt0073486,10,2026-02-22,"One Flew Over the Cuckoo's Nest","One Flew Over the Cuckoo's Nest",https://www.imdb.com/title/tt0073486,Movie,8.6,133,1975,"Drama",1150584,"1975-11-21","Milos Forman"
tt12680684,8,2026-02-22,"The Hand of God","È stata la mano di Dio",https://www.imdb.com/title/tt12680684,Movie,7.3,130,2021,"Drama",53865,"2021-12-15","Paolo Sorrentino"
tt1446714,7,2026-02-22,"Prometheus","Prometheus",https://www.imdb.com/title/tt1446714,Movie,7.0,124,2012,"Adventure, Sci-Fi",693838,"2012-06-08","Ridley Scott"
tt0113492,8,2026-02-22,"Judge Dredd","Judge Dredd",https://www.imdb.com/title/tt0113492,Movie,5.6,96,1995,"Thriller, Sci-Fi, Crime, Action",131523,"1995-06-30","Danny Cannon"
tt0094226,9,2026-02-22,"The Untouchables","The Untouchables",https://www.imdb.com/title/tt0094226,Movie,7.8,119,1987,"Thriller, Drama, Crime",351940,"1987-06-03","Brian De Palma"
tt0101507,9,2026-02-22,"Boyz n the Hood","Boyz n the Hood",https://www.imdb.com/title/tt0101507,Movie,7.8,112,1991,"Crime, Drama",167135,"1991-07-12","John Singleton"
tt0247199,9,2026-02-22,"The Believer","The Believer",https://www.imdb.com/title/tt0247199,Movie,7.1,98,2001,"Drama",43395,"2001-08-23","Henry Bean"
tt0145681,8,2026-02-22,"The Bone Collector","The Bone Collector",https://www.imdb.com/title/tt0145681,Movie,6.7,118,1999,"Crime, Drama, Thriller, Mystery",199271,"1999-11-05","Phillip Noyce"
tt0290673,1,2026-02-22,"Irreversible","Irréversible",https://www.imdb.com/title/tt0290673,Movie,7.3,97,2002,"Crime, Mystery, Drama, Thriller",161430,"2002-05-22","Gaspar Noé"
tt0054248,10,2026-02-22,"Rocco and His Brothers","Rocco e i suoi fratelli",https://www.imdb.com/title/tt0054248,Movie,8.2,179,1960,"Crime, Sport, Drama",25537,"1961-03-10","Luchino Visconti"
tt7231342,8,2026-02-22,"The Fall of the American Empire","La chute de l'empire américain",https://www.imdb.com/title/tt7231342,Movie,6.9,127,2018,"Comedy, Crime, Drama",4565,"2019-05-31","Denys Arcand"
tt1808015,9,2026-02-22,"What a Beautiful Day","Che bella giornata",https://www.imdb.com/title/tt1808015,Movie,6.3,97,2011,"Comedy",6971,"2011-01-05","Gennaro Nunziante"
tt0172495,10,2026-02-22,"Gladiator","Gladiator",https://www.imdb.com/title/tt0172495,Movie,8.5,155,2000,"Adventure, Drama, Action",1832091,"2000-05-05","Ridley Scott"
tt0084787,8,2026-02-22,"The Thing","The Thing",https://www.imdb.com/title/tt0084787,Movie,8.2,109,1982,"Mystery, Sci-Fi, Horror",521246,"1982-06-25","John Carpenter"
tt0064040,9,2026-02-22,"Army of Shadows","L'armée des ombres",https://www.imdb.com/title/tt0064040,Movie,8.1,145,1969,"Drama, War",28873,"1970-06-19","Jean-Pierre Melville"
tt0116629,8,2026-02-22,"Independence Day","Independence Day",https://www.imdb.com/title/tt0116629,Movie,7.0,145,1996,"Adventure, Sci-Fi, Action",643130,"1996-07-03","Roland Emmerich"
tt0110912,10,2026-02-22,"Pulp Fiction","Pulp Fiction",https://www.imdb.com/title/tt0110912,Movie,8.8,154,1994,"Crime, Drama",2415502,"1994-10-14","Quentin Tarantino"
tt0112401,6,2026-02-22,"Assassins","Assassins",https://www.imdb.com/title/tt0112401,Movie,6.3,133,1995,"Crime, Thriller, Action",92041,"1995-10-06","Richard Donner"
tt0120611,10,2026-02-22,"Blade","Blade",https://www.imdb.com/title/tt0120611,Movie,7.1,120,1998,"Horror, Sci-Fi, Action",327880,"1998-08-21","Stephen Norrington"
tt0102138,9,2026-02-22,"JFK","JFK",https://www.imdb.com/title/tt0102138,Movie,8.0,189,1991,"History, Drama, Thriller",181039,"1991-12-20","Oliver Stone"
tt0106697,10,2026-02-22,"Demolition Man","Demolition Man",https://www.imdb.com/title/tt0106697,Movie,6.7,115,1993,"Thriller, Sci-Fi, Action",207708,"1993-10-08","Marco Brambilla"
tt0111161,10,2026-02-22,"The Shawshank Redemption","The Shawshank Redemption",https://www.imdb.com/title/tt0111161,Movie,9.3,142,1994,"Drama",3159715,"1994-10-14","Frank Darabont"
tt0112641,9,2026-02-22,"Casino","Casino",https://www.imdb.com/title/tt0112641,Movie,8.2,178,1995,"Crime, Drama",613834,"1995-11-22","Martin Scorsese"
tt0237534,9,2026-02-22,"Brotherhood of the Wolf","Le pacte des loups",https://www.imdb.com/title/tt0237534,Movie,7.0,142,2001,"Adventure, Drama, Thriller, Action, Horror",76336,"2002-01-25","Christophe Gans"
tt1160419,10,2026-02-22,"Dune: Part One","Dune: Part One",https://www.imdb.com/title/tt1160419,Movie,8.0,155,2021,"Sci-Fi, Adventure, Drama, Action",1024314,"2021-10-22","Denis Villeneuve"
tt0120863,9,2026-02-22,"The Thin Red Line","The Thin Red Line",https://www.imdb.com/title/tt0120863,Movie,7.6,170,1998,"History, Drama, War",211756,"1999-01-15","Terrence Malick"
tt0095250,8,2026-02-22,"The Big Blue","Le grand bleu",https://www.imdb.com/title/tt0095250,Movie,7.5,168,1988,"Sport, Adventure, Drama",58400,"1988-08-19","Luc Besson"
tt0103060,10,2026-02-22,"Teenage Mutant Ninja Turtles II: The Secret of the Ooze","Teenage Mutant Ninja Turtles II: The Secret of the Ooze",https://www.imdb.com/title/tt0103060,Movie,6.0,88,1991,"Comedy, Sci-Fi, Adventure, Family, Action",64140,"1991-03-22","Michael Pressman"
tt0116277,6,2026-02-22,"The Fan","The Fan",https://www.imdb.com/title/tt0116277,Movie,5.9,116,1996,"Drama, Sport, Action, Thriller",53739,"1996-08-16","Tony Scott"
tt0115781,7,2026-02-22,"Bullet","Bullet",https://www.imdb.com/title/tt0115781,Movie,6.4,96,1996,"Crime, Drama, Action",9469,"1996-05-31","Julien Temple"
tt1403865,9,2026-02-22,"True Grit","True Grit",https://www.imdb.com/title/tt1403865,Movie,7.6,110,2010,"Drama, Western",374694,"2010-12-22","Ethan Coen,Joel Coen"
tt0078748,9,2026-02-22,"Alien","Alien",https://www.imdb.com/title/tt0078748,Movie,8.5,117,1979,"Horror, Sci-Fi",1055736,"1979-06-22","Ridley Scott"
tt0181689,9,2026-02-22,"Minority Report","Minority Report",https://www.imdb.com/title/tt0181689,Movie,7.6,145,2002,"Crime, Sci-Fi, Mystery, Thriller, Action",617803,"2002-06-21","Steven Spielberg"
tt26446278,8,2026-02-22,"The Count of Monte-Cristo","Le Comte de Monte-Cristo",https://www.imdb.com/title/tt26446278,Movie,7.6,178,2024,"Adventure, Thriller, Action, Drama, Romance",46597,"2024-12-20","Alexandre de La Patellière,Matthieu Delaporte"
tt0212985,7,2026-02-22,"Hannibal","Hannibal",https://www.imdb.com/title/tt0212985,Movie,6.8,131,2001,"Crime, Drama, Thriller",312085,"2001-02-09","Ridley Scott"
tt0090756,8,2026-02-22,"Blue Velvet","Blue Velvet",https://www.imdb.com/title/tt0090756,Movie,7.7,120,1986,"Drama, Crime, Thriller, Mystery",242884,"1986-10-23","David Lynch"
tt2358891,10,2026-02-22,"The Great Beauty","La grande bellezza",https://www.imdb.com/title/tt2358891,Movie,7.7,141,2013,"Drama",105435,"2014-03-14","Paolo Sorrentino"
tt0070047,10,2026-02-22,"The Exorcist","The Exorcist",https://www.imdb.com/title/tt0070047,Movie,8.1,122,1973,"Horror",495185,"1973-12-26","William Friedkin"
tt0090022,8,2026-02-22,"Silverado","Silverado",https://www.imdb.com/title/tt0090022,Movie,7.2,133,1985,"Drama, Western, Action",53872,"1985-07-10","Lawrence Kasdan"
tt0102798,10,2026-02-22,"Robin Hood: Prince of Thieves","Robin Hood: Prince of Thieves",https://www.imdb.com/title/tt0102798,Movie,6.9,143,1991,"Drama, Romance, Adventure, Action",220818,"1991-06-14","Kevin Reynolds"
tt0116282,9,2026-02-22,"Fargo","Fargo",https://www.imdb.com/title/tt0116282,Movie,8.1,98,1996,"Drama, Thriller, Crime",780854,"1996-04-05","Joel Coen,Ethan Coen"
tt0181865,9,2026-02-22,"Traffic","Traffic",https://www.imdb.com/title/tt0181865,Movie,7.5,147,2000,"Thriller, Crime, Drama",229493,"2001-01-05","Steven Soderbergh"
tt0074916,8,2026-02-22,"Mr. Klein","Mr. Klein",https://www.imdb.com/title/tt0074916,Movie,7.5,123,1976,"Crime, Mystery, War, Thriller, Drama",10468,"1976-09-23","Joseph Losey"
tt0112740,9,2026-02-22,"Crimson Tide","Crimson Tide",https://www.imdb.com/title/tt0112740,Movie,7.4,116,1995,"Action, War, Drama, Thriller",135118,"1995-05-12","Tony Scott"
tt0050783,9,2026-02-22,"Nights of Cabiria","Le notti di Cabiria",https://www.imdb.com/title/tt0050783,Movie,8.1,110,1957,"Drama",56805,"1957-10-16","Federico Fellini"
tt0067824,9,2026-02-22,"The Big Boss","Tang shan da xiong",https://www.imdb.com/title/tt0067824,Movie,6.9,99,1971,"Thriller, Drama, Crime, Action",31597,"1972-10-05","Wei Lo,Chia-Hsiang Wu"
tt0108052,9,2026-02-22,"Schindler's List","Schindler's List",https://www.imdb.com/title/tt0108052,Movie,9.0,195,1993,"Biography, History, Drama",1574414,"1994-02-04","Steven Spielberg"
tt0468569,10,2026-02-22,"The Dark Knight","The Dark Knight",https://www.imdb.com/title/tt0468569,Movie,9.1,152,2008,"Drama, Crime, Thriller, Action",3136707,"2008-07-18","Christopher Nolan"
tt0074252,9,2026-02-22,"Ugly, Dirty and Bad","Brutti, sporchi e cattivi",https://www.imdb.com/title/tt0074252,Movie,7.7,115,1976,"Drama, Comedy",9736,"1976-09-23","Ettore Scola"
tt0114436,8,2026-02-22,"Showgirls","Showgirls",https://www.imdb.com/title/tt0114436,Movie,5.2,131,1995,"Drama",81293,"1995-09-22","Paul Verhoeven"
tt6723592,9,2026-02-22,"Tenet","Tenet",https://www.imdb.com/title/tt6723592,Movie,7.3,150,2020,"Action, Sci-Fi, Thriller",677938,"2020-09-03","Christopher Nolan"
tt0062622,10,2026-02-22,"2001: A Space Odyssey","2001: A Space Odyssey",https://www.imdb.com/title/tt0062622,Movie,8.3,149,1968,"Adventure, Sci-Fi",777156,"1968-05-12","Stanley Kubrick"
tt0117500,8,2026-02-22,"The Rock","The Rock",https://www.imdb.com/title/tt0117500,Movie,7.4,136,1996,"Adventure, Thriller, Action",378236,"1996-06-07","Michael Bay"
tt0103064,10,2026-02-22,"Terminator 2: Judgment Day","Terminator 2: Judgment Day",https://www.imdb.com/title/tt0103064,Movie,8.6,137,1991,"Adventure, Sci-Fi, Action",1274883,"1991-07-03","James Cameron"
tt4972582,9,2026-02-22,"Split","Split",https://www.imdb.com/title/tt4972582,Movie,7.3,117,2016,"Thriller, Horror",616117,"2017-01-20","M. Night Shyamalan"
tt29547746,8,2026-02-22,"The Count of Monte Cristo","Le Comte de Monte-Cristo",https://www.imdb.com/title/tt29547746,TV Mini Series,7.8,,2024,"Drama, Adventure",8183,"2026-03-01",
tt2937898,8,2026-02-22,"A Most Violent Year","A Most Violent Year",https://www.imdb.com/title/tt2937898,Movie,6.9,125,2014,"Drama, Crime, Thriller",81415,"2015-01-30","J.C. Chandor"
tt2119532,10,2026-02-22,"Hacksaw Ridge","Hacksaw Ridge",https://www.imdb.com/title/tt2119532,Movie,8.1,139,2016,"Drama, War, History, Biography",672206,"2016-11-04","Mel Gibson"
tt0088846,8,2026-02-22,"Brazil","Brazil",https://www.imdb.com/title/tt0088846,Movie,7.8,132,1985,"Sci-Fi, Drama, Thriller",221508,"1985-12-18","Terry Gilliam"
tt0327056,9,2026-02-22,"Mystic River","Mystic River",https://www.imdb.com/title/tt0327056,Movie,7.9,138,2003,"Crime, Mystery, Thriller, Drama",518837,"2003-10-15","Clint Eastwood"
tt0053619,9,2026-02-22,"L'Avventura","L'avventura",https://www.imdb.com/title/tt0053619,Movie,7.7,144,1960,"Romance, Drama, Mystery",36772,"1961-03-04","Michelangelo Antonioni"
tt0087843,10,2026-02-22,"Once Upon a Time in America","C'era una volta in America",https://www.imdb.com/title/tt0087843,Movie,8.3,229,1984,"Crime, Drama",406293,"1984-06-01","Sergio Leone"
tt0099334,10,2026-02-22,"Cyrano de Bergerac","Cyrano de Bergerac",https://www.imdb.com/title/tt0099334,Movie,7.5,137,1990,"Comedy, History, Romance, Drama",27394,"1990-12-01","Jean-Paul Rappeneau"
tt0758774,9,2026-02-22,"Body of Lies","Body of Lies",https://www.imdb.com/title/tt0758774,Movie,7.0,128,2008,"Drama, Thriller, Action",249483,"2008-10-10","Ridley Scott"
tt0265086,9,2026-02-22,"Black Hawk Down","Black Hawk Down",https://www.imdb.com/title/tt0265086,Movie,7.7,144,2001,"Drama, Action, History, War",451812,"2002-01-18","Ridley Scott"
tt7286456,5,2026-02-22,"Joker","Joker",https://www.imdb.com/title/tt7286456,Movie,8.3,122,2019,"Crime, Drama, Thriller",1675499,"2019-10-04","Todd Phillips"
tt0091763,7,2026-02-22,"Platoon","Platoon",https://www.imdb.com/title/tt0091763,Movie,8.1,120,1986,"Drama, War",469587,"1986-12-19","Oliver Stone"
tt0083944,9,2026-02-22,"First Blood","First Blood",https://www.imdb.com/title/tt0083944,Movie,7.7,93,1982,"Adventure, Thriller, Action",298886,"1982-10-22","Ted Kotcheff"
tt1205489,8,2026-02-22,"Gran Torino","Gran Torino",https://www.imdb.com/title/tt1205489,Movie,8.1,116,2008,"Drama",857449,"2009-01-09","Clint Eastwood"
tt0209144,8,2026-02-22,"Memento","Memento",https://www.imdb.com/title/tt0209144,Movie,8.4,113,2000,"Drama, Thriller, Mystery",1424804,"2001-05-25","Christopher Nolan"
tt0079574,8,2026-02-22,"Moonraker","Moonraker",https://www.imdb.com/title/tt0079574,Movie,6.3,126,1979,"Adventure, Thriller, Sci-Fi, Action",116389,"1979-06-29","Lewis Gilbert"
tt0056937,8,2026-02-22,"Cleopatra","Cleopatra",https://www.imdb.com/title/tt0056937,Movie,7.0,320,1963,"Romance, Biography, History, Drama",40788,"1963-07-31","Joseph L. Mankiewicz,Rouben Mamoulian"
tt1375666,9,2026-02-22,"Inception","Inception",https://www.imdb.com/title/tt1375666,Movie,8.8,148,2010,"Sci-Fi, Thriller, Action, Adventure",2789122,"2010-07-16","Christopher Nolan"
tt0120746,8,2026-02-22,"The Mask of Zorro","The Mask of Zorro",https://www.imdb.com/title/tt0120746,Movie,6.8,136,1998,"Comedy, Thriller, Drama, Romance, Adventure, Western, Action",208991,"1998-07-17","Martin Campbell"
tt0159097,9,2026-02-22,"The Virgin Suicides","The Virgin Suicides",https://www.imdb.com/title/tt0159097,Movie,7.2,97,1999,"Romance, Drama",184949,"2000-05-19","Sofia Coppola"
tt0062185,4,2026-02-22,"Reflections in a Golden Eye","Reflections in a Golden Eye",https://www.imdb.com/title/tt0062185,Movie,6.7,108,1967,"Thriller, Romance, Drama",8765,"1967-10-13","John Huston"
tt0101540,8,2026-02-22,"Cape Fear","Cape Fear",https://www.imdb.com/title/tt0101540,Movie,7.3,128,1991,"Drama, Crime, Thriller",240825,"1991-11-15","Martin Scorsese"
tt0118887,8,2026-02-22,"Cop Land","Cop Land",https://www.imdb.com/title/tt0118887,Movie,7.0,105,1997,"Drama, Crime, Thriller",114601,"1997-08-15","James Mangold"
tt1596363,9,2026-02-22,"The Big Short","The Big Short",https://www.imdb.com/title/tt1596363,Movie,7.8,130,2015,"Drama, Biography, Comedy, History",533945,"2015-12-23","Adam McKay"
tt0118996,5,2026-02-22,"Dobermann","Dobermann",https://www.imdb.com/title/tt0118996,Movie,6.5,103,1997,"Thriller, Action, Comedy, Drama, Crime",19701,"1997-06-18","Jan Kounen"
tt0086250,8,2026-02-22,"Scarface","Scarface",https://www.imdb.com/title/tt0086250,Movie,8.3,170,1983,"Crime, Drama",1005686,"1983-12-09","Brian De Palma"
tt0047296,9,2026-02-22,"On the Waterfront","On the Waterfront",https://www.imdb.com/title/tt0047296,Movie,8.1,108,1954,"Thriller, Crime, Drama",176852,"1954-06-22","Elia Kazan"
tt0069762,9,2026-02-22,"Badlands","Badlands",https://www.imdb.com/title/tt0069762,Movie,7.7,94,1973,"Action, Crime, Drama",83752,"1974-01-05","Terrence Malick"
tt0110475,9,2026-02-22,"The Mask","The Mask",https://www.imdb.com/title/tt0110475,Movie,7.0,101,1994,"Crime, Comedy, Fantasy",465698,"1994-07-29","Chuck Russell"
tt1856101,9,2026-02-22,"Blade Runner 2049","Blade Runner 2049",https://www.imdb.com/title/tt1856101,Movie,8.0,164,2017,"Sci-Fi, Thriller, Action, Drama, Mystery",745200,"2017-10-06","Denis Villeneuve"
tt0100758,9,2026-02-22,"Teenage Mutant Ninja Turtles","Teenage Mutant Ninja Turtles",https://www.imdb.com/title/tt0100758,Movie,6.8,93,1990,"Comedy, Sci-Fi, Adventure, Family, Action",111816,"1990-03-30","Steve Barron"
tt0103776,9,2026-02-22,"Batman Returns","Batman Returns",https://www.imdb.com/title/tt0103776,Movie,7.1,126,1992,"Fantasy, Crime, Action",348541,"1992-06-19","Tim Burton"
tt0381849,8,2026-02-22,"3:10 to Yuma","3:10 to Yuma",https://www.imdb.com/title/tt0381849,Movie,7.6,122,2007,"Western, Drama, Crime, Action",349597,"2007-09-07","James Mangold"
tt0104684,10,2026-02-22,"Hard Boiled","Lat sau san taam",https://www.imdb.com/title/tt0104684,Movie,7.7,128,1992,"Action, Crime, Thriller",58626,"2025-06-24","John Woo"
tt0050782,9,2026-02-22,"White Nights","Le notti bianche",https://www.imdb.com/title/tt0050782,Movie,7.7,97,1957,"Romance, Drama",10121,"1961-05-28","Luchino Visconti"
tt0114369,9,2026-02-22,"Se7en","Se7en",https://www.imdb.com/title/tt0114369,Movie,8.6,127,1995,"Mystery, Drama, Crime, Thriller",1999511,"1995-09-22","David Fincher"
tt0090180,7,2026-02-22,"To Live and Die in L.A.","To Live and Die in L.A.",https://www.imdb.com/title/tt0090180,Movie,7.3,116,1985,"Crime, Drama, Thriller, Action",46708,"1985-11-01","William Friedkin"
tt1345836,9,2026-02-22,"The Dark Knight Rises","The Dark Knight Rises",https://www.imdb.com/title/tt1345836,Movie,8.4,164,2012,"Action, Drama, Thriller, Crime",1977817,"2012-07-20","Christopher Nolan"
tt0117665,9,2026-02-22,"Sleepers","Sleepers",https://www.imdb.com/title/tt0117665,Movie,7.5,147,1996,"Thriller, Crime, Drama",250460,"1996-10-18","Barry Levinson"
tt0075314,10,2026-02-22,"Taxi Driver","Taxi Driver",https://www.imdb.com/title/tt0075314,Movie,8.2,114,1976,"Crime, Drama",1017281,"1976-02-09","Martin Scorsese"
tt0065531,8,2026-02-22,"Le cercle rouge","Le cercle rouge",https://www.imdb.com/title/tt0065531,Movie,7.9,140,1970,"Drama, Crime, Thriller",31451,"1970-10-20","Jean-Pierre Melville"
tt0816692,9,2026-02-22,"Interstellar","Interstellar",https://www.imdb.com/title/tt0816692,Movie,8.7,169,2014,"Sci-Fi, Adventure, Drama",2483605,"2014-11-07","Christopher Nolan"
tt1161864,8,2026-02-22,"The Rite","The Rite",https://www.imdb.com/title/tt1161864,Movie,6.0,114,2011,"Drama, Thriller, Horror, Mystery",105808,"2011-01-28","Mikael Håfström"
tt0090605,8,2026-02-22,"Aliens","Aliens",https://www.imdb.com/title/tt0090605,Movie,8.4,137,1986,"Thriller, Action, Horror, Sci-Fi, Adventure",835728,"1986-07-18","James Cameron"
tt0119396,8,2026-02-22,"Jackie Brown","Jackie Brown",https://www.imdb.com/title/tt0119396,Movie,7.5,154,1997,"Drama, Crime, Thriller",401168,"1997-12-25","Quentin Tarantino"
tt0071562,10,2026-02-22,"The Godfather Part II","The Godfather Part II",https://www.imdb.com/title/tt0071562,Movie,9.0,202,1974,"Crime, Drama",1482536,"1974-12-18","Francis Ford Coppola"
tt0246578,8,2026-02-22,"Donnie Darko","Donnie Darko",https://www.imdb.com/title/tt0246578,Movie,8.0,113,2001,"Sci-Fi, Thriller, Mystery, Drama",905765,"2001-01-19","Richard Kelly"
tt0077416,10,2026-02-22,"The Deer Hunter","The Deer Hunter",https://www.imdb.com/title/tt0077416,Movie,8.1,183,1978,"Drama, War",384782,"1979-02-23","Michael Cimino"
tt0093389,10,2026-02-22,"The Last Emperor","The Last Emperor",https://www.imdb.com/title/tt0093389,Movie,7.7,163,1987,"Biography, History, Drama",118796,"1988-04-15","Bernardo Bertolucci"
tt0099685,10,2026-02-22,"Goodfellas","GoodFellas",https://www.imdb.com/title/tt0099685,Movie,8.7,145,1990,"Biography, Crime, Drama",1378870,"1990-09-21","Martin Scorsese"
tt0107554,8,2026-02-22,"Menace II Society","Menace II Society",https://www.imdb.com/title/tt0107554,Movie,7.5,97,1993,"Thriller, Crime, Drama",69477,"1993-05-26","Albert Hughes,Allen Hughes"
tt0251160,9,2026-02-22,"John Q","John Q",https://www.imdb.com/title/tt0251160,Movie,7.1,116,2002,"Crime, Drama, Thriller",152762,"2002-02-15","Nick Cassavetes"
tt0133093,10,2026-02-22,"The Matrix","The Matrix",https://www.imdb.com/title/tt0133093,Movie,8.7,136,1999,"Action, Sci-Fi",2228788,"1999-03-31","Lana Wachowski,Lilly Wachowski"
tt0472043,9,2026-02-22,"Apocalypto","Apocalypto",https://www.imdb.com/title/tt0472043,Movie,7.8,139,2006,"Adventure, Drama, Thriller, Action",355345,"2006-12-08","Mel Gibson"
tt0071360,9,2026-02-22,"The Conversation","The Conversation",https://www.imdb.com/title/tt0071360,Movie,7.7,113,1974,"Drama, Thriller, Mystery",135796,"1974-04-12","Francis Ford Coppola"
tt0093640,8,2026-02-22,"No Way Out","No Way Out",https://www.imdb.com/title/tt0093640,Movie,7.1,114,1987,"Mystery, Action, Romance, Crime, Drama, Thriller",54713,"1987-08-14","Roger Donaldson"
tt0064276,9,2026-02-22,"Easy Rider","Easy Rider",https://www.imdb.com/title/tt0064276,Movie,7.2,95,1969,"Adventure, Drama",122967,"1969-06-26","Dennis Hopper"
tt0337741,7,2026-02-22,"Something's Gotta Give","Something's Gotta Give",https://www.imdb.com/title/tt0337741,Movie,6.8,128,2003,"Drama, Romance, Comedy",138025,"2003-12-12","Nancy Meyers"
tt0237572,8,2026-02-22,"The Pledge","The Pledge",https://www.imdb.com/title/tt0237572,Movie,6.7,124,2001,"Crime, Mystery, Thriller, Drama",76660,"2001-01-19","Sean Penn"
tt0116996,2,2026-02-22,"Mars Attacks!","Mars Attacks!",https://www.imdb.com/title/tt0116996,Movie,6.4,106,1996,"Sci-Fi, Comedy",257301,"1996-12-13","Tim Burton"
tt0111742,6,2026-02-22,"Wolf","Wolf",https://www.imdb.com/title/tt0111742,Movie,6.3,125,1994,"Romance, Thriller, Drama, Horror",64081,"1994-06-17","Mike Nichols"
tt0104257,8,2026-02-22,"A Few Good Men","A Few Good Men",https://www.imdb.com/title/tt0104257,Movie,7.7,138,1992,"Thriller, Drama",314389,"1992-12-11","Rob Reiner"
tt0070666,7,2026-02-22,"Serpico","Serpico",https://www.imdb.com/title/tt0070666,Movie,7.7,130,1973,"Biography, Thriller, Crime, Drama",145516,"1973-12-05","Sidney Lumet"
tt0072890,9,2026-02-22,"Dog Day Afternoon","Dog Day Afternoon",https://www.imdb.com/title/tt0072890,Movie,8.0,125,1975,"Thriller, Biography, Crime, Drama",290246,"1975-12-25","Sidney Lumet"
tt0278504,7,2026-02-22,"Insomnia","Insomnia",https://www.imdb.com/title/tt0278504,Movie,7.2,118,2002,"Mystery, Drama, Thriller",339971,"2002-05-24","Christopher Nolan"
tt0146838,7,2026-02-22,"Any Given Sunday","Any Given Sunday",https://www.imdb.com/title/tt0146838,Movie,6.9,162,1999,"Sport, Drama",130952,"1999-12-22","Oliver Stone"
tt0268978,9,2026-02-22,"A Beautiful Mind","A Beautiful Mind",https://www.imdb.com/title/tt0268978,Movie,8.2,135,2001,"Biography, Mystery, Drama",1047853,"2002-01-04","Ron Howard"
tt11240348,3,2026-02-22,"The Exorcism","The Exorcism",https://www.imdb.com/title/tt11240348,Movie,4.2,95,2024,"Thriller, Horror",13053,"2024-06-21","Joshua John Miller"
tt1959490,8,2026-02-22,"Noah","Noah",https://www.imdb.com/title/tt1959490,Movie,5.8,138,2014,"Drama, Adventure, Action",275650,"2014-03-28","Darren Aronofsky"
tt0473705,6,2026-02-22,"State of Play","State of Play",https://www.imdb.com/title/tt0473705,Movie,7.1,127,2009,"Drama, Mystery, Thriller, Crime",165919,"2009-04-17","Kevin Macdonald"
tt0058692,6,2026-02-22,"The Black Tulip","La tulipe noire",https://www.imdb.com/title/tt0058692,Movie,6.6,115,1964,"Comedy, Adventure, Action",3221,"1964-02-28","Christian-Jaque"
tt0071585,9,2026-02-22,"Conversation Piece","Gruppo di famiglia in un interno",https://www.imdb.com/title/tt0071585,Movie,7.4,121,1974,"Romance, Drama",5709,"1977-06-23","Luchino Visconti"
tt0053779,9,2026-02-22,"La Dolce Vita","La dolce vita",https://www.imdb.com/title/tt0053779,Movie,8.0,174,1960,"Comedy, Drama",85391,"1961-04-19","Federico Fellini"
tt0063715,8,2026-02-22,"Spirits of the Dead","Histoires extraordinaires",https://www.imdb.com/title/tt0063715,Movie,6.4,121,1968,"Mystery, Drama, Horror",7698,"1969-07-23","Federico Fellini,Louis Malle,Roger Vadim"
tt0046521,8,2026-02-22,"I Vitelloni","I vitelloni",https://www.imdb.com/title/tt0046521,Movie,7.8,104,1953,"Comedy, Drama",23055,"1956-11-07","Federico Fellini"
tt0056210,8,2026-02-22,"Mafioso","Mafioso",https://www.imdb.com/title/tt0056210,Movie,7.6,105,1962,"Crime, Drama, Comedy",3264,"1965-03-04","Alberto Lattuada"
tt0122690,8,2026-02-22,"Ronin","Ronin",https://www.imdb.com/title/tt0122690,Movie,7.2,122,1998,"Crime, Thriller, Action",206907,"1998-09-25","John Frankenheimer"
tt0118880,6,2026-02-22,"Con Air","Con Air",https://www.imdb.com/title/tt0118880,Movie,6.9,115,1997,"Crime, Thriller, Action",337541,"1997-06-06","Simon West"
tt0134273,9,2026-02-22,"8MM","8MM",https://www.imdb.com/title/tt0134273,Movie,6.6,123,1999,"Crime, Drama, Thriller, Mystery",150656,"1999-02-26","Joel Schumacher"
tt0082089,8,2026-02-22,"Body Heat","Body Heat",https://www.imdb.com/title/tt0082089,Movie,7.4,113,1981,"Crime, Drama, Romance, Thriller",43598,"1981-08-28","Lawrence Kasdan"
tt20316748,8,2026-02-22,"Twilight of the Warriors: Walled In","Jiu Long cheng zhai: Wei cheng",https://www.imdb.com/title/tt20316748,Movie,6.9,126,2024,"Action, Thriller, Crime",11818,"2024-05-01","Soi Cheang"
tt0335266,7,2026-02-22,"Lost in Translation","Lost in Translation",https://www.imdb.com/title/tt0335266,Movie,7.7,102,2003,"Comedy, Drama",525317,"2003-10-03","Sofia Coppola"
tt0119314,7,2026-02-22,"The Horse Whisperer","The Horse Whisperer",https://www.imdb.com/title/tt0119314,Movie,6.7,169,1998,"Western, Romance, Drama",46298,"1998-05-15","Robert Redford"
tt0266987,7,2026-02-22,"Spy Game","Spy Game",https://www.imdb.com/title/tt0266987,Movie,7.1,126,2001,"Crime, Thriller, Action",177061,"2001-11-21","Tony Scott"
tt0116367,6,2026-02-22,"From Dusk Till Dawn","From Dusk Till Dawn",https://www.imdb.com/title/tt0116367,Movie,7.2,108,1996,"Crime, Action, Horror",367346,"1996-01-19","Robert Rodriguez"
tt0120877,8,2026-02-22,"Vampires","Vampires",https://www.imdb.com/title/tt0120877,Movie,6.1,108,1998,"Thriller, Horror, Action",68047,"1998-10-30","John Carpenter"
tt0078243,8,2026-02-22,"The 36th Chamber of Shaolin","Shao Lin san shi liu fang",https://www.imdb.com/title/tt0078243,Movie,7.6,116,1978,"Drama, Adventure, Action",20271,"1978","Chia-Liang Liu"
tt0266697,9,2026-02-22,"Kill Bill: Vol. 1","Kill Bill: Vol. 1",https://www.imdb.com/title/tt0266697,Movie,8.2,111,2003,"Action, Thriller, Crime",1295482,"2003-10-10","Quentin Tarantino"
tt0378194,9,2026-02-22,"Kill Bill: Vol. 2","Kill Bill: Vol. 2",https://www.imdb.com/title/tt0378194,Movie,8.0,137,2004,"Thriller, Crime, Action",863319,"2004-04-16","Quentin Tarantino"
tt0080905,8,2026-02-22,"Fists of the White Lotus","Hong Wending san po bai lian jiao",https://www.imdb.com/title/tt0080905,Movie,7.1,95,1980,"Action, Drama",2538,"1980-01-01","Lo Lieh"
tt0086606,8,2026-02-22,"The Eight Diagram Pole Fighter","Wu Lang ba gua gun",https://www.imdb.com/title/tt0086606,Movie,7.4,98,1984,"Action, Drama",4080,"1984-02-17","Chia-Liang Liu"
tt0244316,8,2026-02-22,"Yi Yi","Yi yi",https://www.imdb.com/title/tt0244316,Movie,8.1,173,2000,"Drama",33464,"2000-12-16","Edward Yang"
tt15398776,5,2026-02-22,"Oppenheimer","Oppenheimer",https://www.imdb.com/title/tt15398776,Movie,8.2,180,2023,"Biography, Drama, History",1004682,"2023-07-21","Christopher Nolan"
tt5537002,5,2026-02-22,"Killers of the Flower Moon","Killers of the Flower Moon",https://www.imdb.com/title/tt5537002,Movie,7.5,206,2023,"Drama, Crime, History, Western",302841,"2023-10-20","Martin Scorsese"
tt2543164,9,2026-02-22,"Arrival","Arrival",https://www.imdb.com/title/tt2543164,Movie,7.9,116,2016,"Sci-Fi, Drama, Mystery",853811,"2016-11-11","Denis Villeneuve"
tt0183649,5,2026-02-22,"Phone Booth","Phone Booth",https://www.imdb.com/title/tt0183649,Movie,7.1,81,2002,"Crime, Thriller",300581,"2003-04-04","Joel Schumacher"
tt0258000,6,2026-02-22,"Panic Room","Panic Room",https://www.imdb.com/title/tt0258000,Movie,6.8,112,2002,"Crime, Drama, Thriller",313167,"2002-03-29","David Fincher"
tt0165798,7,2026-02-22,"Ghost Dog: The Way of the Samurai","Ghost Dog: The Way of the Samurai",https://www.imdb.com/title/tt0165798,Movie,7.5,116,1999,"Crime, Drama",103336,"2000-03-24","Jim Jarmusch"
tt0119094,5,2026-02-22,"Face/Off","Face/Off",https://www.imdb.com/title/tt0119094,Movie,7.3,138,1997,"Crime, Thriller, Action, Sci-Fi",424640,"1997-06-27","John Woo"
tt0082085,8,2026-02-22,"Blow Out","Blow Out",https://www.imdb.com/title/tt0082085,Movie,7.4,108,1981,"Mystery, Crime, Drama, Thriller",74705,"1981-07-24","Brian De Palma"
tt0077631,5,2026-02-22,"Grease","Grease",https://www.imdb.com/title/tt0077631,Movie,7.2,110,1978,"Musical, Comedy, Romance",323909,"1978-06-16","Randal Kleiser"
tt0076666,8,2026-02-22,"Saturday Night Fever","Saturday Night Fever",https://www.imdb.com/title/tt0076666,Movie,6.8,118,1977,"Music, Drama",93990,"1977-12-16","John Badham"
tt0079817,4,2026-02-22,"Rocky II","Rocky II",https://www.imdb.com/title/tt0079817,Movie,7.3,119,1979,"Sport, Drama",247775,"1979-06-15","Sylvester Stallone"
tt0084602,8,2026-02-22,"Rocky III","Rocky III",https://www.imdb.com/title/tt0084602,Movie,6.9,99,1982,"Sport, Drama",226562,"1982-05-28","Sylvester Stallone"
tt0058150,8,2026-02-22,"Goldfinger","Goldfinger",https://www.imdb.com/title/tt0058150,Movie,7.7,110,1964,"Adventure, Thriller, Action",215909,"1965-01-09","Guy Hamilton"
tt0068699,7,2026-02-22,"High Plains Drifter","High Plains Drifter",https://www.imdb.com/title/tt0068699,Movie,7.4,105,1973,"Drama, Western",72453,"1973-04-07","Clint Eastwood"
tt28297850,8,2026-02-22,"Sicilian Letters","Iddu",https://www.imdb.com/title/tt28297850,Movie,6.0,122,2024,"Crime, Drama",1155,"2024-10-10","Fabio Grassadonia,Antonio Piazza"
tt31710037,8,2026-02-22,"Familia","Familia",https://www.imdb.com/title/tt31710037,Movie,6.8,120,2024,"Drama, Thriller",731,"2026","Francesco Costabile"
tt10287954,7,2026-02-22,"Rose Island","L'incredibile storia dell'isola delle rose",https://www.imdb.com/title/tt10287954,Movie,7.0,117,2020,"Comedy, Drama, Adventure, Biography",27434,"2020-12-09","Sydney Sibilia"
tt5765192,7,2026-02-22,"Tenderness","La tenerezza",https://www.imdb.com/title/tt5765192,Movie,6.4,110,2017,"Drama",1440,"2017-04-24","Gianni Amelio"
tt1023490,8,2026-02-22,"Il Divo","Il divo",https://www.imdb.com/title/tt1023490,Movie,7.2,110,2008,"Biography, Drama",20361,"2008-05-28","Paolo Sorrentino"
tt0929425,9,2026-02-22,"Gomorrah","Gomorra",https://www.imdb.com/title/tt0929425,Movie,7.0,137,2008,"Drama, Crime",53007,"2009-04-10","Matteo Garrone"
tt0240419,8,2026-02-22,"The Swamp","La Ciénaga",https://www.imdb.com/title/tt0240419,Movie,7.0,103,2001,"Drama, Comedy",9205,"2001-04-12","Lucrecia Martel"
tt0188030,8,2026-02-22,"Butterfly","La lengua de las mariposas",https://www.imdb.com/title/tt0188030,Movie,7.6,96,1999,"War, Drama",10541,"2000-08-18","José Luis Cuerda"
tt7105944,8,2026-02-22,"There's No Place Like Home","A casa tutti bene",https://www.imdb.com/title/tt7105944,Movie,6.1,105,2018,"Comedy, Drama, Romance",3562,"2018-02-14","Gabriele Muccino"
tt1907668,9,2026-02-22,"Flight","Flight",https://www.imdb.com/title/tt1907668,Movie,7.3,138,2012,"Drama, Thriller",395318,"2012-11-02","Robert Zemeckis"
tt0453467,6,2026-02-22,"Deja Vu","Deja Vu",https://www.imdb.com/title/tt0453467,Movie,7.1,126,2006,"Action, Thriller, Sci-Fi, Crime",343810,"2006-11-22","Tony Scott"
tt0454848,7,2026-02-22,"Inside Man","Inside Man",https://www.imdb.com/title/tt0454848,Movie,7.6,129,2006,"Crime, Drama, Thriller, Mystery",422520,"2006-03-24","Spike Lee"
tt0455944,4,2026-02-22,"The Equalizer","The Equalizer",https://www.imdb.com/title/tt0455944,Movie,7.3,132,2014,"Thriller, Action, Crime",462065,"2014-09-26","Antoine Fuqua"
tt0112471,9,2026-02-22,"Before Sunrise","Before Sunrise",https://www.imdb.com/title/tt0112471,Movie,8.1,101,1995,"Comedy, Romance, Drama",373565,"1995-01-27","Richard Linklater"
tt0381681,9,2026-02-22,"Before Sunset","Before Sunset",https://www.imdb.com/title/tt0381681,Movie,8.1,80,2004,"Drama, Romance",312403,"2004-07-30","Richard Linklater"
tt2209418,9,2026-02-22,"Before Midnight","Before Midnight",https://www.imdb.com/title/tt2209418,Movie,7.9,109,2013,"Drama, Romance",184463,"2013-06-14","Richard Linklater"
tt2397535,6,2026-02-22,"Predestination","Predestination",https://www.imdb.com/title/tt2397535,Movie,7.4,97,2014,"Sci-Fi, Thriller, Drama, Action",332061,"2015-01-09","Michael Spierig,Peter Spierig"
tt0399295,6,2026-02-22,"Lord of War","Lord of War",https://www.imdb.com/title/tt0399295,Movie,7.6,122,2005,"Crime, Drama",356942,"2005-09-16","Andrew Niccol"
tt0945513,8,2026-02-22,"Source Code","Source Code",https://www.imdb.com/title/tt0945513,Movie,7.5,93,2011,"Sci-Fi, Thriller, Action, Drama, Mystery",579243,"2011-04-01","Duncan Jones"
tt9421570,8,2026-02-22,"The Guilty","The Guilty",https://www.imdb.com/title/tt9421570,Movie,6.3,90,2021,"Drama, Thriller, Crime",172690,"2021-10-01","Antoine Fuqua"
tt4550098,5,2026-02-22,"Nocturnal Animals","Nocturnal Animals",https://www.imdb.com/title/tt4550098,Movie,7.4,116,2016,"Drama, Thriller",336733,"2016-12-09","Tom Ford"
tt1855199,6,2026-02-22,"End of Watch","End of Watch",https://www.imdb.com/title/tt1855199,Movie,7.6,109,2012,"Drama, Crime, Thriller, Action",290136,"2012-09-21","David Ayer"
tt0443706,8,2026-02-22,"Zodiac","Zodiac",https://www.imdb.com/title/tt0443706,Movie,7.7,157,2007,"Drama, Thriller, Crime, Mystery",666026,"2007-03-02","David Fincher"
tt9071322,6,2026-02-22,"Dark Waters","Dark Waters",https://www.imdb.com/title/tt9071322,Movie,7.6,126,2019,"Drama, Biography, History, Thriller",120304,"2019-12-06","Todd Haynes"
tt1130884,8,2026-02-22,"Shutter Island","Shutter Island",https://www.imdb.com/title/tt1130884,Movie,8.2,138,2010,"Thriller, Mystery, Drama",1626106,"2010-02-19","Martin Scorsese"
tt0120338,8,2026-02-22,"Titanic","Titanic",https://www.imdb.com/title/tt0120338,Movie,8.0,194,1997,"Romance, Drama",1381660,"1997-12-19","James Cameron"
tt1148204,5,2026-02-22,"Orphan","Orphan",https://www.imdb.com/title/tt1148204,Movie,7.0,123,2009,"Thriller, Mystery, Horror",275944,"2009-07-24","Jaume Collet-Serra"
tt11286314,7,2026-02-22,"Don't Look Up","Don't Look Up",https://www.imdb.com/title/tt11286314,Movie,7.1,138,2021,"Comedy, Drama, Sci-Fi",664459,"2021-12-24","Adam McKay"
tt1663202,1,2026-02-22,"The Revenant","The Revenant",https://www.imdb.com/title/tt1663202,Movie,8.0,156,2015,"Adventure, Drama, Western",941270,"2016-01-08","Alejandro G. Iñárritu"
tt0264464,7,2026-02-22,"Catch Me If You Can","Catch Me If You Can",https://www.imdb.com/title/tt0264464,Movie,8.1,141,2002,"Drama, Biography, Crime",1221821,"2002-12-25","Steven Spielberg"
tt0217505,8,2026-02-22,"Gangs of New York","Gangs of New York",https://www.imdb.com/title/tt0217505,Movie,7.5,167,2002,"Crime, Drama",502051,"2002-12-20","Martin Scorsese"
tt1853728,6,2026-02-22,"Django Unchained","Django Unchained",https://www.imdb.com/title/tt1853728,Movie,8.5,165,2012,"Western, Drama",1865171,"2012-12-25","Quentin Tarantino"
tt5109784,2,2026-02-22,"Mother!","Mother!",https://www.imdb.com/title/tt5109784,Movie,6.6,121,2017,"Drama, Mystery, Horror",266603,"2017-09-15","Darren Aronofsky"
tt0477348,9,2026-02-22,"No Country for Old Men","No Country for Old Men",https://www.imdb.com/title/tt0477348,Movie,8.2,122,2007,"Thriller, Crime, Drama",1175987,"2007-11-21","Ethan Coen,Joel Coen"
tt0090037,9,2026-02-22,"Smooth Talk","Smooth Talk",https://www.imdb.com/title/tt0090037,Movie,6.6,92,1985,"Thriller, Romance, Drama",3817,"1985-11-15","Joyce Chopra"
tt0107290,8,2026-02-22,"Jurassic Park","Jurassic Park",https://www.imdb.com/title/tt0107290,Movie,8.2,127,1993,"Thriller, Action, Sci-Fi, Adventure",1166862,"1993-06-11","Steven Spielberg"
tt0071315,8,2026-02-22,"Chinatown","Chinatown",https://www.imdb.com/title/tt0071315,Movie,8.1,130,1974,"Drama, Thriller, Mystery",374862,"1974-06-20","Roman Polanski"
tt0074958,6,2026-02-22,"Network","Network",https://www.imdb.com/title/tt0074958,Movie,8.1,121,1976,"Drama",184807,"1976-11-27","Sidney Lumet"
tt0061722,7,2026-02-22,"The Graduate","The Graduate",https://www.imdb.com/title/tt0061722,Movie,8.0,106,1967,"Comedy, Romance, Drama",301809,"1967-12-21","Mike Nichols"
tt0065988,7,2026-02-22,"Little Big Man","Little Big Man",https://www.imdb.com/title/tt0065988,Movie,7.5,139,1970,"Adventure, Drama, Western",40109,"1970-12-23","Arthur Penn"
tt0047437,8,2026-02-22,"Sabrina","Sabrina",https://www.imdb.com/title/tt0047437,Movie,7.6,113,1954,"Drama, Romance, Comedy",75372,"1954-10-15","Billy Wilder"
tt0054698,8,2026-02-22,"Breakfast at Tiffany's","Breakfast at Tiffany's",https://www.imdb.com/title/tt0054698,Movie,7.5,115,1961,"Drama, Comedy, Romance",203353,"1961-10-06","Blake Edwards"
tt0054428,9,2026-02-22,"The Unforgiven","The Unforgiven",https://www.imdb.com/title/tt0054428,Movie,6.5,125,1960,"Drama, Romance, Western",10843,"1960-04-06","John Huston"
tt0114814,9,2026-02-22,"The Usual Suspects","The Usual Suspects",https://www.imdb.com/title/tt0114814,Movie,8.5,106,1995,"Drama, Crime, Mystery, Thriller",1230072,"1995-08-16","Bryan Singer"
tt0401792,9,2026-02-22,"Sin City","Sin City",https://www.imdb.com/title/tt0401792,Movie,8.0,124,2005,"Crime, Thriller",818438,"2005-04-01","Frank Miller,Quentin Tarantino,Robert Rodriguez"
tt0104815,6,2026-02-22,"El Mariachi","El mariachi",https://www.imdb.com/title/tt0104815,Movie,6.8,81,1992,"Crime, Thriller, Action",74432,"1993-02-26","Robert Rodriguez"
tt0245712,9,2026-02-22,"Amores Perros","Amores perros",https://www.imdb.com/title/tt0245712,Movie,8.0,154,2000,"Thriller, Drama",271686,"2001-04-13","Alejandro G. Iñárritu"
tt1483013,7,2026-02-22,"Oblivion","Oblivion",https://www.imdb.com/title/tt1483013,Movie,7.0,124,2013,"Action, Sci-Fi, Adventure",583292,"2013-04-19","Joseph Kosinski"
tt0452623,8,2026-02-22,"Gone Baby Gone","Gone Baby Gone",https://www.imdb.com/title/tt0452623,Movie,7.6,114,2007,"Drama, Mystery, Crime, Thriller",308930,"2007-10-19","Ben Affleck"
tt0315327,5,2026-02-22,"Bruce Almighty","Bruce Almighty",https://www.imdb.com/title/tt0315327,Movie,6.8,101,2003,"Fantasy, Comedy",466664,"2003-05-23","Tom Shadyac"
tt0285531,4,2026-02-22,"Dreamcatcher","Dreamcatcher",https://www.imdb.com/title/tt0285531,Movie,5.5,134,2003,"Drama, Sci-Fi, Thriller, Horror",100821,"2003-03-21","Lawrence Kasdan"
tt0164184,5,2026-02-22,"The Sum of All Fears","The Sum of All Fears",https://www.imdb.com/title/tt0164184,Movie,6.5,124,2002,"War, Drama, Thriller, Action",133598,"2002-05-31","Phil Alden Robinson"
tt0257756,2,2026-02-22,"High Crimes","High Crimes",https://www.imdb.com/title/tt0257756,Movie,6.4,115,2002,"Drama, Mystery, Crime, Thriller",51353,"2002-04-05","Carl Franklin"
tt7599146,8,2026-02-22,"Sound of Freedom","Sound of Freedom",https://www.imdb.com/title/tt7599146,Movie,7.6,131,2023,"Drama, Thriller, Biography, History, Crime",135990,"2023-07-04","Alejandro Monteverde"
tt0100935,7,2026-02-22,"Wild at Heart","Wild at Heart",https://www.imdb.com/title/tt0100935,Movie,7.2,125,1990,"Crime, Thriller, Drama",111666,"1990-08-17","David Lynch"
tt0166924,8,2026-02-22,"Mulholland Drive","Mulholland Dr.",https://www.imdb.com/title/tt0166924,Movie,7.9,147,2001,"Drama, Thriller, Mystery",424342,"2001-10-19","David Lynch"
tt0091064,8,2026-02-22,"The Fly","The Fly",https://www.imdb.com/title/tt0091064,Movie,7.6,96,1986,"Horror, Drama, Sci-Fi",222446,"1986-08-15","David Cronenberg"
tt0086541,6,2026-02-22,"Videodrome","Videodrome",https://www.imdb.com/title/tt0086541,Movie,7.2,87,1983,"Horror, Thriller, Drama, Sci-Fi",112032,"1983-02-04","David Cronenberg"
tt0100802,6,2026-02-22,"Total Recall","Total Recall",https://www.imdb.com/title/tt0100802,Movie,7.5,113,1990,"Adventure, Sci-Fi, Action",378733,"1990-06-01","Paul Verhoeven"
tt0093870,8,2026-02-22,"RoboCop","RoboCop",https://www.imdb.com/title/tt0093870,Movie,7.6,102,1987,"Action, Crime, Thriller, Sci-Fi",306252,"1987-07-17","Paul Verhoeven"
tt3716530,5,2026-02-22,"Elle","Elle",https://www.imdb.com/title/tt3716530,Movie,7.1,130,2016,"Drama, Thriller, Crime, Action, Mystery, Romance",74223,"2016-11-11","Paul Verhoeven"
tt0103772,6,2026-02-22,"Basic Instinct","Basic Instinct",https://www.imdb.com/title/tt0103772,Movie,7.1,127,1992,"Mystery, Drama, Romance, Thriller",241276,"1992-03-20","Paul Verhoeven"
tt0120787,7,2026-02-22,"A Perfect Murder","A Perfect Murder",https://www.imdb.com/title/tt0120787,Movie,6.6,107,1998,"Crime, Drama, Thriller",97821,"1998-06-05","Andrew Davis"
tt0898367,7,2026-02-22,"The Road","The Road",https://www.imdb.com/title/tt0898367,Movie,7.2,111,2009,"Drama, Thriller",269208,"2009-12-18","John Hillcoat"
tt0765443,6,2026-02-22,"Eastern Promises","Eastern Promises",https://www.imdb.com/title/tt0765443,Movie,7.6,100,2007,"Thriller, Crime, Drama",276216,"2007-09-21","David Cronenberg"
tt6966692,7,2026-02-22,"Green Book","Green Book",https://www.imdb.com/title/tt6966692,Movie,8.2,130,2018,"Drama, Biography, Comedy, Music",675103,"2018-11-16","Peter Farrelly"
tt0399146,7,2026-02-22,"A History of Violence","A History of Violence",https://www.imdb.com/title/tt0399146,Movie,7.4,96,2005,"Drama, Thriller, Action, Crime",271362,"2005-09-30","David Cronenberg"
tt0800308,8,2026-02-22,"Appaloosa","Appaloosa",https://www.imdb.com/title/tt0800308,Movie,6.7,115,2008,"Western, Crime, Drama, Romance",67756,"2008-10-03","Ed Harris"
tt0120382,8,2026-02-22,"The Truman Show","The Truman Show",https://www.imdb.com/title/tt0120382,Movie,8.2,103,1998,"Comedy, Drama",1354901,"1998-06-05","Peter Weir"
tt0129387,1,2026-02-22,"There's Something About Mary","There's Something About Mary",https://www.imdb.com/title/tt0129387,Movie,7.1,119,1998,"Romance, Comedy",346611,"1998-07-15","Bobby Farrelly,Peter Farrelly"
tt0092534,1,2026-02-22,"Allan Quatermain and the Lost City of Gold","Allan Quatermain and the Lost City of Gold",https://www.imdb.com/title/tt0092534,Movie,4.6,99,1986,"Comedy, Action, Adventure",11409,"1987-01-30","Gary Nelson"
tt0111255,2,2026-02-22,"The Specialist","The Specialist",https://www.imdb.com/title/tt0111255,Movie,5.6,110,1994,"Thriller, Drama, Action",73217,"1994-10-07","Luis Llosa"
tt0118799,9,2026-02-22,"Life Is Beautiful","La vita è bella",https://www.imdb.com/title/tt0118799,Movie,8.6,116,1997,"Comedy, War, Romance, Drama",806624,"1997-12-20","Roberto Benigni"
tt0105812,9,2026-02-22,"White Men Can't Jump","White Men Can't Jump",https://www.imdb.com/title/tt0105812,Movie,6.8,115,1992,"Sport, Comedy",104321,"1992-03-27","Ron Shelton"
tt0187738,6,2026-02-22,"Blade II","Blade II",https://www.imdb.com/title/tt0187738,Movie,6.7,117,2002,"Horror, Sci-Fi, Thriller, Action",251182,"2002-03-22","Guillermo del Toro"
tt0160009,2,2026-02-22,"The Art of War","The Art of War",https://www.imdb.com/title/tt0160009,Movie,5.7,117,2000,"Adventure, Crime, Thriller, Action",32220,"2000-08-25","Christian Duguay"
tt0120873,2,2026-02-22,"U.S. Marshals","U.S. Marshals",https://www.imdb.com/title/tt0120873,Movie,6.6,131,1998,"Crime, Thriller, Action",120029,"1998-03-06","Stuart Baird"
tt0113845,3,2026-02-22,"Money Train","Money Train",https://www.imdb.com/title/tt0113845,Movie,5.7,110,1995,"Crime, Thriller, Drama, Comedy, Action",45167,"1995-11-22","Joseph Ruben"
tt0102175,6,2026-02-22,"Jungle Fever","Jungle Fever",https://www.imdb.com/title/tt0102175,Movie,6.6,132,1991,"Romance, Drama",20947,"1991-06-07","Spike Lee"
tt0097216,7,2026-02-22,"Do the Right Thing","Do the Right Thing",https://www.imdb.com/title/tt0097216,Movie,7.9,120,1989,"Comedy, Drama",122993,"1989-07-21","Spike Lee"
tt1398426,7,2026-02-22,"Straight Outta Compton","Straight Outta Compton",https://www.imdb.com/title/tt1398426,Movie,7.8,147,2015,"Musical, Biography, Music, Drama, History",232648,"2015-08-14","F. Gary Gray"
tt2396589,7,2026-02-22,"Mudbound","Mudbound",https://www.imdb.com/title/tt2396589,Movie,7.4,134,2017,"Drama, War",57230,"2017-11-17","Dee Rees"
tt0283832,8,2026-02-22,"8 Women","8 femmes",https://www.imdb.com/title/tt0283832,Movie,7.0,111,2002,"Musical, Romance, Crime, Comedy",35985,"2002-10-04","François Ozon"
tt0091480,8,2026-02-22,"Manon of the Spring","Manon des sources",https://www.imdb.com/title/tt0091480,Movie,8.0,113,1986,"Drama",25566,"1987-12-04","Claude Berri"
tt0091288,8,2026-02-22,"Jean de Florette","Jean de Florette",https://www.imdb.com/title/tt0091288,Movie,8.1,120,1986,"Drama",29177,"1987-08-28","Claude Berri"
tt0114732,10,2026-02-22,"Les trois frères","Les trois frères",https://www.imdb.com/title/tt0114732,Movie,7.2,105,1995,"Comedy",8100,"1995-12-13","Didier Bourdon,Bernard Campan"
tt0083618,4,2026-02-22,"Banzaï","Banzaï",https://www.imdb.com/title/tt0083618,Movie,5.9,102,1983,"Comedy, Adventure",1922,"1983-03-23","Claude Zidi"
tt0083824,8,2026-02-22,"Deux heures moins le quart avant Jésus-Christ","Deux heures moins le quart avant Jésus-Christ",https://www.imdb.com/title/tt0083824,Movie,5.8,100,1982,"Comedy",1914,"1982-10-06","Jean Yanne"
tt0069747,10,2026-02-22,"The Mad Adventures of Rabbi Jacob","Les aventures de Rabbi Jacob",https://www.imdb.com/title/tt0069747,Movie,7.4,95,1973,"Adventure, Comedy",16131,"1973-10-18","Gérard Oury"
tt0058089,6,2026-02-22,"Fantomas","Fantômas",https://www.imdb.com/title/tt0058089,Movie,6.9,104,1964,"Adventure, Fantasy, Crime, Comedy",13456,"1964-11-04","André Hunebelle"
tt0107002,9,2026-02-22,"Germinal","Germinal",https://www.imdb.com/title/tt0107002,Movie,7.1,160,1993,"Romance, Drama",6105,"1994-03-31","Claude Berri"
tt0086420,6,2026-02-22,"So Long, Stooge","Tchao pantin",https://www.imdb.com/title/tt0086420,Movie,7.3,100,1983,"Crime, Drama",3536,"1983-12-21","Claude Berri"
tt26743414,8,2026-02-22,"Monsieur Aznavour","Monsieur Aznavour",https://www.imdb.com/title/tt26743414,Movie,7.2,133,2024,"Biography, Drama, Music",4118,"2024-10-23","Mehdi Idir,Grand Corps Malade"
tt0350258,9,2026-02-22,"Ray","Ray",https://www.imdb.com/title/tt0350258,Movie,7.7,152,2004,"Music, Biography, Drama",164583,"2004-10-29","Taylor Hackford"
tt0112864,6,2026-02-22,"Die Hard with a Vengeance","Die Hard with a Vengeance",https://www.imdb.com/title/tt0112864,Movie,7.6,128,1995,"Adventure, Thriller, Action",429043,"1995-05-19","John McTiernan"
tt6823368,8,2026-02-22,"Glass","Glass",https://www.imdb.com/title/tt6823368,Movie,6.6,129,2019,"Thriller, Drama, Sci-Fi, Horror, Fantasy",301945,"2019-01-18","M. Night Shyamalan"
tt0120749,5,2026-02-22,"Mercury Rising","Mercury Rising",https://www.imdb.com/title/tt0120749,Movie,6.1,111,1998,"Crime, Drama, Thriller, Action",80882,"1998-04-03","Harold Becker"
tt0119116,5,2026-02-22,"The Fifth Element","Le cinquième élément",https://www.imdb.com/title/tt0119116,Movie,7.6,126,1997,"Adventure, Sci-Fi, Action",540520,"1997-05-09","Luc Besson"
tt0102070,5,2026-02-22,"Hudson Hawk","Hudson Hawk",https://www.imdb.com/title/tt0102070,Movie,5.7,100,1991,"Comedy, Adventure, Action",64133,"1991-05-24","Michael Lehmann"
tt2872732,1,2026-02-22,"Lucy","Lucy",https://www.imdb.com/title/tt2872732,Movie,6.4,89,2014,"Action, Sci-Fi, Thriller",574862,"2014-07-25","Luc Besson"
tt0267129,1,2026-02-22,"Yamakasi","Yamakasi - Les samouraïs des temps modernes",https://www.imdb.com/title/tt0267129,Movie,6.1,90,2001,"Crime, Drama, Action",13965,"2001-04-04","Ariel Zeitoun,Julien Seri"
tt0151137,3,2026-02-22,"The Messenger: The Story of Joan of Arc","Joan of Arc",https://www.imdb.com/title/tt0151137,Movie,6.4,148,1999,"Biography, History, Adventure, Drama, War",72704,"1999-11-12","Luc Besson"
tt0152930,5,2026-02-22,"Taxi","Taxi",https://www.imdb.com/title/tt0152930,Movie,7.0,89,1998,"Crime, Comedy, Action",95631,"1998-11-20","Gérard Pirès"
tt0061395,9,2026-02-22,"Belle de Jour","Belle de jour",https://www.imdb.com/title/tt0061395,Movie,7.6,100,1967,"Romance, Drama",53033,"1968-04-10","Luis Buñuel"
tt0064294,9,2026-02-22,"Horse","La horse",https://www.imdb.com/title/tt0064294,Movie,6.8,90,1970,"Crime, Thriller",1078,"1970-02-22","Pierre Granier-Deferre"
tt0094011,7,2026-02-22,"Under the Sun of Satan","Sous le soleil de Satan",https://www.imdb.com/title/tt0094011,Movie,6.7,98,1987,"Fantasy, Drama",4076,"1989-02-10","Maurice Pialat"
tt0083789,8,2026-02-22,"Danton","Danton",https://www.imdb.com/title/tt0083789,Movie,7.4,136,1983,"Biography, History, Drama",8337,"1983-01-12","Andrzej Wajda"
tt0052556,9,2026-02-22,"The Lovers","Les amants",https://www.imdb.com/title/tt0052556,Movie,7.1,90,1958,"Romance, Drama",6354,"1959-10-26","Louis Malle"
tt0053002,9,2026-02-22,"Dangerous Liaisons","Les liaisons dangereuses",https://www.imdb.com/title/tt0053002,Movie,6.8,106,1959,"Romance, Drama",1653,"1961-12-18","Roger Vadim"
tt0062711,5,2026-02-22,"Barbarella","Barbarella",https://www.imdb.com/title/tt0062711,Movie,5.9,98,1968,"Action, Sci-Fi, Adventure, Fantasy",40450,"1968-10-10","Roger Vadim"
tt0049189,8,2026-02-22,"...And God Created Woman","Et Dieu... créa la femme",https://www.imdb.com/title/tt0049189,Movie,6.3,90,1956,"Romance, Drama",10585,"1957-10-21","Roger Vadim"
tt0073817,10,2026-02-22,"Swept Away","Travolti da un insolito destino nell'azzurro mare d'agosto",https://www.imdb.com/title/tt0073817,Movie,7.5,114,1974,"Adventure, Drama, Comedy",7400,"1975-09-17","Lina Wertmüller"
tt0099292,9,2026-02-22,"The Comfort of Strangers","The Comfort of Strangers",https://www.imdb.com/title/tt0099292,Movie,6.3,107,1990,"Thriller, Crime, Fantasy, Drama",7130,"1991-04","Paul Schrader"
tt0089603,9,2026-02-22,"Mishima: A Life in Four Chapters","Mishima: A Life in Four Chapters",https://www.imdb.com/title/tt0089603,Movie,7.9,120,1985,"Biography, Drama",16433,"1985-09-20","Paul Schrader"
tt0083722,10,2026-02-22,"Cat People","Cat People",https://www.imdb.com/title/tt0083722,Movie,6.2,118,1982,"Thriller, Horror, Fantasy",26328,"1982-04-02","Paul Schrader"
tt0122151,6,2026-02-22,"Lethal Weapon 4","Lethal Weapon 4",https://www.imdb.com/title/tt0122151,Movie,6.6,127,1998,"Crime, Thriller, Action",179868,"1998-07-10","Richard Donner"
tt0104431,8,2026-02-22,"Home Alone 2: Lost in New York","Home Alone 2: Lost in New York",https://www.imdb.com/title/tt0104431,Movie,6.9,120,1992,"Adventure, Crime, Comedy, Family",452579,"1992-11-20","Chris Columbus"
tt0097733,7,2026-02-22,"Lethal Weapon 2","Lethal Weapon 2",https://www.imdb.com/title/tt0097733,Movie,7.3,114,1989,"Thriller, Crime, Action",200238,"1989-07-07","Richard Donner"
tt0286106,8,2026-02-22,"Signs","Signs",https://www.imdb.com/title/tt0286106,Movie,6.8,106,2002,"Drama, Mystery, Sci-Fi, Thriller",411808,"2002-08-02","M. Night Shyamalan"
tt0207201,5,2026-02-22,"What Women Want","What Women Want",https://www.imdb.com/title/tt0207201,Movie,6.5,127,2000,"Romance, Comedy, Fantasy",238049,"2000-12-15","Nancy Meyers"
tt0120784,6,2026-02-22,"Payback","Payback",https://www.imdb.com/title/tt0120784,Movie,7.0,100,1999,"Thriller, Crime, Action, Drama",152993,"1999-02-05","Brian Helgeland"
tt0104714,6,2026-02-22,"Lethal Weapon 3","Lethal Weapon 3",https://www.imdb.com/title/tt0104714,Movie,6.7,118,1992,"Thriller, Crime, Action",187667,"1992-05-15","Richard Donner"
tt0058003,8,2026-02-22,"Red Desert","Il deserto rosso",https://www.imdb.com/title/tt0058003,Movie,7.4,117,1964,"Drama",19128,"1965-02-08","Michelangelo Antonioni"
tt0054130,8,2026-02-22,"La Notte","La notte",https://www.imdb.com/title/tt0054130,Movie,7.9,122,1961,"Drama",26270,"1962-02-19","Michelangelo Antonioni"
tt0040522,10,2026-02-22,"Bicycle Thieves","Ladri di biciclette",https://www.imdb.com/title/tt0040522,Movie,8.2,89,1948,"Drama",191557,"1949-12-13","Vittorio De Sica"
tt0077138,10,2026-02-22,"The Tree of Wooden Clogs","L'albero degli zoccoli",https://www.imdb.com/title/tt0077138,Movie,7.8,186,1978,"History, Drama",9283,"1979-06-01","Ermanno Olmi"
tt0120669,8,2026-02-22,"Fear and Loathing in Las Vegas","Fear and Loathing in Las Vegas",https://www.imdb.com/title/tt0120669,Movie,7.4,118,1998,"Adventure, Drama, Comedy",317927,"1998-05-22","Terry Gilliam"
tt0097659,9,2026-02-22,"Kickboxer","Kickboxer",https://www.imdb.com/title/tt0097659,Movie,6.4,97,1989,"Sport, Thriller, Action",65937,"1989-09-08","Mark DiSalle,David Worth"
tt0068767,10,2026-02-22,"Fist of Fury","Jing wu men",https://www.imdb.com/title/tt0068767,Movie,7.2,107,1972,"Drama, Thriller, Romance, Action",36974,"1972-09-09","Wei Lo"
tt0106770,9,2026-02-22,"Dragon: The Bruce Lee Story","Dragon: The Bruce Lee Story",https://www.imdb.com/title/tt0106770,Movie,7.0,120,1993,"Biography, Romance, Drama, Action",34802,"1993-05-07","Rob Cohen"
tt2078768,6,2026-02-22,"The Silent War","Ting feng zhe",https://www.imdb.com/title/tt2078768,Movie,6.2,120,2012,"Drama, Crime, Thriller, Mystery",1841,"2012-08-07","Felix Chong,Alan Mak"
tt0069697,10,2026-02-22,"Watch Out, We're Mad","...altrimenti ci arrabbiamo!",https://www.imdb.com/title/tt0069697,Movie,7.3,102,1974,"Comedy, Action",15305,"1976-05","Marcello Fondato"
tt0077864,10,2026-02-22,"Lo chiamavano Bulldozer","Lo chiamavano Bulldozer",https://www.imdb.com/title/tt0077864,Movie,6.7,115,1978,"Sport, Comedy, Action",6588,"1978-10-05","Michele Lupo"
tt0780504,7,2026-02-22,"Drive","Drive",https://www.imdb.com/title/tt0780504,Movie,7.8,100,2011,"Drama, Action",756453,"2011-09-16","Nicolas Winding Refn"
tt11564570,7,2026-02-22,"Glass Onion","Glass Onion",https://www.imdb.com/title/tt11564570,Movie,7.1,139,2022,"Crime, Thriller, Drama, Mystery, Comedy",517113,"2022-12-23","Rian Johnson"
tt8946378,7,2026-02-22,"Knives Out","Knives Out",https://www.imdb.com/title/tt8946378,Movie,7.9,130,2019,"Crime, Mystery, Thriller, Drama, Comedy",868874,"2019-11-27","Rian Johnson"
tt1568346,9,2026-02-22,"The Girl with the Dragon Tattoo","The Girl with the Dragon Tattoo",https://www.imdb.com/title/tt1568346,Movie,7.8,158,2011,"Drama, Thriller, Crime, Mystery",525618,"2011-12-21","David Fincher"
tt2053463,4,2026-02-22,"Side Effects","Side Effects",https://www.imdb.com/title/tt2053463,Movie,7.0,106,2013,"Thriller, Crime, Drama, Mystery",204513,"2013-02-08","Steven Soderbergh"
tt0134119,9,2026-02-22,"The Talented Mr. Ripley","The Talented Mr. Ripley",https://www.imdb.com/title/tt0134119,Movie,7.4,139,1999,"Crime, Drama, Thriller",269831,"1999-12-25","Anthony Minghella"
tt0212720,8,2026-02-22,"A.I. Artificial Intelligence","A.I. Artificial Intelligence",https://www.imdb.com/title/tt0212720,Movie,7.2,146,2001,"Drama, Adventure, Sci-Fi",337568,"2001-06-29","Steven Spielberg"
tt0215750,8,2026-02-22,"Enemy at the Gates","Enemy at the Gates",https://www.imdb.com/title/tt0215750,Movie,7.5,131,2001,"Action, Drama, War",291864,"2001-03-16","Jean-Jacques Annaud"
tt0257044,4,2026-02-22,"Road to Perdition","Road to Perdition",https://www.imdb.com/title/tt0257044,Movie,7.6,117,2002,"Thriller, Crime, Drama",299259,"2002-07-12","Sam Mendes"
tt0119863,10,2026-02-22,"Le pari","Le pari",https://www.imdb.com/title/tt0119863,Movie,6.3,100,1997,"Comedy",4766,"1997-10-15","Didier Bourdon,Bernard Campan"
tt0058335,7,2026-02-22,"Marriage Italian Style","Matrimonio all'italiana",https://www.imdb.com/title/tt0058335,Movie,7.4,102,1964,"Romance, Drama, Comedy",12443,"1964-12-20","Vittorio De Sica"
tt0058085,6,2026-02-22,"The Fall of the Roman Empire","The Fall of the Roman Empire",https://www.imdb.com/title/tt0058085,Movie,6.7,188,1964,"History, War, Drama",11176,"1964-03-26","Anthony Mann"
tt0055805,9,2026-02-22,"Boccaccio '70","Boccaccio '70",https://www.imdb.com/title/tt0055805,Movie,7.0,205,1962,"Romance, Comedy, Fantasy",5560,"1962-06-26","Vittorio De Sica,Federico Fellini,Mario Monicelli,Luchino Visconti"
tt0040737,9,2026-02-22,"Bitter Rice","Riso amaro",https://www.imdb.com/title/tt0040737,Movie,7.6,108,1949,"Crime, Drama",5494,"1950-09-18","Giuseppe De Santis"
tt0087182,2,2026-02-22,"Dune","Dune",https://www.imdb.com/title/tt0087182,Movie,6.2,137,1984,"Sci-Fi, Adventure, Action",191784,"1984-12-14","David Lynch"
tt0118583,5,2026-02-22,"Alien: Resurrection","Alien: Resurrection",https://www.imdb.com/title/tt0118583,Movie,6.2,109,1997,"Sci-Fi, Horror, Action",290523,"1997-11-26","Jean-Pierre Jeunet"
tt0117951,7,2026-02-22,"Trainspotting","Trainspotting",https://www.imdb.com/title/tt0117951,Movie,8.1,93,1996,"Crime, Drama",765229,"1996-08-09","Danny Boyle"
tt0120735,8,2026-02-22,"Lock, Stock and Two Smoking Barrels","Lock, Stock and Two Smoking Barrels",https://www.imdb.com/title/tt0120735,Movie,8.1,107,1998,"Crime, Comedy",647381,"1998-08-28","Guy Ritchie"
tt10272386,6,2026-02-22,"The Father","The Father",https://www.imdb.com/title/tt10272386,Movie,8.2,97,2020,"Drama, Mystery",241518,"2021-02-26","Florian Zeller"
tt0289765,7,2026-02-22,"Red Dragon","Red Dragon",https://www.imdb.com/title/tt0289765,Movie,7.2,124,2002,"Drama, Crime, Thriller",310212,"2002-10-04","Brett Ratner"
tt0110322,9,2026-02-22,"Legends of the Fall","Legends of the Fall",https://www.imdb.com/title/tt0110322,Movie,7.5,133,1994,"War, Romance, Drama, Western",198112,"1995-01-13","Edward Zwick"
tt0490215,9,2026-02-22,"Silence","Silence",https://www.imdb.com/title/tt0490215,Movie,7.2,161,2016,"Drama, History",132633,"2017-01-13","Martin Scorsese"
tt0407887,6,2026-02-22,"The Departed","The Departed",https://www.imdb.com/title/tt0407887,Movie,8.5,151,2006,"Crime, Drama, Thriller",1541565,"2006-10-06","Martin Scorsese"
tt0106226,9,2026-02-22,"The Age of Innocence","The Age of Innocence",https://www.imdb.com/title/tt0106226,Movie,7.2,139,1993,"Romance, Drama",74091,"1993-10-01","Martin Scorsese"
tt0088680,7,2026-02-22,"After Hours","After Hours",https://www.imdb.com/title/tt0088680,Movie,7.6,97,1985,"Drama, Crime, Thriller, Comedy",95521,"1985-10-11","Martin Scorsese"
tt0115678,9,2026-02-22,"Big Night","Big Night",https://www.imdb.com/title/tt0115678,Movie,7.3,109,1996,"Romance, Drama",24741,"1996-09-20","Campbell Scott,Stanley Tucci"
tt0080855,9,2026-02-22,"Heaven's Gate","Heaven's Gate",https://www.imdb.com/title/tt0080855,Movie,6.7,219,1980,"Adventure, Drama, Western",18949,"1981-04-24","Michael Cimino"
tt0090350,9,2026-02-22,"Year of the Dragon","Year of the Dragon",https://www.imdb.com/title/tt0090350,Movie,6.8,134,1985,"Action, Thriller, Crime, Drama",19630,"1985-08-16","Michael Cimino"
tt0067411,8,2026-02-22,"McCabe & Mrs. Miller","McCabe & Mrs. Miller",https://www.imdb.com/title/tt0067411,Movie,7.6,120,1971,"Drama, Western",30157,"1971-07-08","Robert Altman"
tt0101516,8,2026-02-22,"Bugsy","Bugsy",https://www.imdb.com/title/tt0101516,Movie,6.8,136,1991,"Biography, Crime, Drama",32999,"1991-12-20","Barry Levinson"
tt0071970,7,2026-02-22,"The Parallax View","The Parallax View",https://www.imdb.com/title/tt0071970,Movie,7.1,102,1974,"Drama, Mystery, Thriller",24401,"1974-06-19","Alan J. Pakula"
tt0056869,9,2026-02-22,"The Birds","The Birds",https://www.imdb.com/title/tt0056869,Movie,7.6,119,1963,"Drama, Mystery, Romance, Horror",218718,"1963-03-29","Alfred Hitchcock"
tt0052357,8,2026-02-22,"Vertigo","Vertigo",https://www.imdb.com/title/tt0052357,Movie,8.2,128,1958,"Romance, Thriller, Mystery",456944,"1958-05-28","Alfred Hitchcock"
tt0033467,9,2026-02-22,"Citizen Kane","Citizen Kane",https://www.imdb.com/title/tt0033467,Movie,8.2,119,1941,"Drama, Mystery",491563,"1941-09-05","Orson Welles"
tt0023427,9,2026-02-22,"Scarface","Scarface",https://www.imdb.com/title/tt0023427,Movie,7.7,93,1932,"Thriller, Action, Film-Noir, Crime, Drama",33136,"1932-04-09","Howard Hawks,Richard Rosson"
tt0106582,5,2026-02-22,"Cliffhanger","Cliffhanger",https://www.imdb.com/title/tt0106582,Movie,6.5,113,1993,"Adventure, Thriller, Action",147612,"1993-05-28","Renny Harlin"
tt0098439,6,2026-02-22,"Tango & Cash","Tango & Cash",https://www.imdb.com/title/tt0098439,Movie,6.4,104,1989,"Crime, Thriller, Comedy, Action",120217,"1989-12-22","Andrei Konchalovsky"
tt0090859,5,2026-02-22,"Cobra","Cobra",https://www.imdb.com/title/tt0090859,Movie,5.8,87,1986,"Crime, Thriller, Action",85234,"1986-05-23","George P. Cosmatos"
tt0105698,1,2026-02-22,"Universal Soldier","Universal Soldier",https://www.imdb.com/title/tt0105698,Movie,6.1,102,1992,"Sci-Fi, Action",101236,"1992-07-10","Roland Emmerich"
tt0111438,1,2026-02-22,"Timecop","Timecop",https://www.imdb.com/title/tt0111438,Movie,6.0,99,1994,"Thriller, Crime, Sci-Fi, Action",69223,"1994-09-16","Peter Hyams"
tt0099385,2,2026-02-22,"Death Warrant","Death Warrant",https://www.imdb.com/title/tt0099385,Movie,5.7,89,1990,"Mystery, Crime, Thriller, Action",22897,"1990-09-14","Deran Sarafian"
tt0092675,5,2026-02-22,"Bloodsport","Bloodsport",https://www.imdb.com/title/tt0092675,Movie,6.8,92,1988,"Sport, Biography, Drama, Action",102323,"1988-04-29","Newt Arnold"
tt0107076,2,2026-02-22,"Hard Target","Hard Target",https://www.imdb.com/title/tt0107076,Movie,6.2,97,1993,"Thriller, Crime, Action",60709,"1993-08-20","John Woo"
tt0086960,7,2026-02-22,"Beverly Hills Cop","Beverly Hills Cop",https://www.imdb.com/title/tt0086960,Movie,7.4,105,1984,"Crime, Thriller, Comedy, Action",230654,"1984-12-05","Martin Brest"
tt0092644,7,2026-02-22,"Beverly Hills Cop II","Beverly Hills Cop II",https://www.imdb.com/title/tt0092644,Movie,6.6,103,1987,"Crime, Thriller, Comedy, Action",147336,"1987-05-20","Tony Scott"
tt0094898,7,2026-02-22,"Coming to America","Coming to America",https://www.imdb.com/title/tt0094898,Movie,7.1,117,1988,"Romance, Comedy",238675,"1988-06-29","John Landis"
tt0109254,8,2026-02-22,"Beverly Hills Cop III","Beverly Hills Cop III",https://www.imdb.com/title/tt0109254,Movie,5.5,104,1994,"Crime, Thriller, Comedy, Action",99901,"1994-05-25","John Landis"
tt0063032,9,2026-02-22,"The Great Silence","Il grande silenzio",https://www.imdb.com/title/tt0063032,Movie,7.7,105,1968,"Drama, Western",20203,"1969-01-27","Sergio Corbucci"
tt0054599,8,2026-02-22,"Accattone","Accattone",https://www.imdb.com/title/tt0054599,Movie,7.6,117,1961,"Drama",11087,"1968-04-04","Pier Paolo Pasolini"
tt0092048,9,2026-02-22,"Tampopo","Tanpopo",https://www.imdb.com/title/tt0092048,Movie,7.9,114,1985,"Comedy",26354,"1987-09","Jûzô Itami"
tt0090563,8,2026-02-22,"Betty Blue","37°2 le matin",https://www.imdb.com/title/tt0090563,Movie,7.3,119,1986,"Romance, Drama",24878,"1986-11-07","Jean-Jacques Beineix"
tt0047876,9,2026-02-22,"The Swindle","Il bidone",https://www.imdb.com/title/tt0047876,Movie,7.5,92,1955,"Comedy, Crime, Drama",7678,"1962-10","Federico Fellini"
tt0052216,7,2026-02-22,"Big Deal on Madonna Street","I soliti ignoti",https://www.imdb.com/title/tt0052216,Movie,7.9,106,1958,"Crime, Comedy",12691,"1958-10-02","Mario Monicelli"
tt0072709,4,2026-02-22,"Black Moon","Black Moon",https://www.imdb.com/title/tt0072709,Movie,6.1,100,1975,"Sci-Fi, Fantasy, Mystery, Horror",6603,"1975-09-24","Louis Malle"
tt0086979,7,2026-02-22,"Blood Simple","Blood Simple",https://www.imdb.com/title/tt0086979,Movie,7.5,99,1984,"Crime, Drama, Thriller",113061,"1985-01-18","Joel Coen,Ethan Coen"
tt0053472,9,2026-02-22,"Breathless","À bout de souffle",https://www.imdb.com/title/tt0053472,Movie,7.6,90,1960,"Drama, Crime",94528,"1961-02-07","Jean-Luc Godard"
tt0059592,8,2026-02-22,"Pierrot le fou","Pierrot le fou",https://www.imdb.com/title/tt0059592,Movie,7.4,110,1965,"Crime, Romance, Drama",39870,"1969-01-08","Jean-Luc Godard"
tt0109771,9,2026-02-22,"Farinelli","Farinelli",https://www.imdb.com/title/tt0109771,Movie,6.8,111,1994,"Music, Biography, History, Drama",7830,"1995-03-17","Gérard Corbiau"
tt0086879,9,2026-02-22,"Amadeus","Amadeus",https://www.imdb.com/title/tt0086879,Movie,8.4,160,1984,"Drama, Music, Biography",464933,"1984-09-19","Milos Forman"
tt0112769,7,2026-02-22,"La cérémonie","La cérémonie",https://www.imdb.com/title/tt0112769,Movie,7.5,111,1995,"Crime, Thriller, Drama",15119,"1996-12-20","Claude Chabrol"
tt0021749,10,2026-02-22,"City Lights","City Lights",https://www.imdb.com/title/tt0021749,Movie,8.5,87,1931,"Romance, Drama, Comedy",215392,"1931-03-07","Charles Chaplin"
tt0061495,6,2026-02-22,"The Collector","La collectionneuse",https://www.imdb.com/title/tt0061495,Movie,7.3,86,1967,"Comedy, Romance, Drama",10750,"1967-03-02","Éric Rohmer"
tt0064816,10,2026-02-22,"The Swimming Pool","La piscine",https://www.imdb.com/title/tt0064816,Movie,7.1,122,1969,"Romance, Crime, Drama",16366,"1970-08","Jacques Deray"
tt0080120,8,2026-02-22,"The Warriors","The Warriors",https://www.imdb.com/title/tt0080120,Movie,7.5,93,1979,"Thriller, Action, Crime",118710,"1979-02-09","Walter Hill"
tt0071402,9,2026-02-22,"Death Wish","Death Wish",https://www.imdb.com/title/tt0071402,Movie,6.9,93,1974,"Drama, Thriller, Action, Crime",47804,"1974-07-24","Michael Winner"
tt0104073,8,2026-02-22,"Deep Cover","Deep Cover",https://www.imdb.com/title/tt0104073,Movie,7.0,107,1992,"Crime, Thriller, Action",16386,"1992-04-15","Bill Duke"
tt1152836,5,2026-02-22,"Public Enemies","Public Enemies",https://www.imdb.com/title/tt1152836,Movie,6.9,140,2009,"Crime, Drama, Biography, History",333753,"2009-07-01","Michael Mann"
tt0080798,6,2026-02-22,"Gloria","Gloria",https://www.imdb.com/title/tt0080798,Movie,7.1,121,1980,"Crime, Drama, Thriller",13076,"1980-10-01","John Cassavetes"
tt0119217,9,2026-02-22,"Good Will Hunting","Good Will Hunting",https://www.imdb.com/title/tt0119217,Movie,8.4,126,1997,"Romance, Drama",1201410,"1998-01-09","Gus Van Sant"
tt0097165,8,2026-02-22,"Dead Poets Society","Dead Poets Society",https://www.imdb.com/title/tt0097165,Movie,8.1,128,1989,"Comedy, Drama",642114,"1989-06-09","Peter Weir"
tt0057286,8,2026-02-22,"Hands Over the City","Le mani sulla città",https://www.imdb.com/title/tt0057286,Movie,7.6,101,1963,"Drama",3647,"1963-11-07","Francesco Rosi"
tt0074102,5,2026-02-22,"In the Realm of the Senses","Ai no korîda",https://www.imdb.com/title/tt0074102,Movie,6.6,109,1976,"Drama, Romance",24928,"1977-04-01","Nagisa Ôshima"
tt0107286,7,2026-02-22,"Judgment Night","Judgment Night",https://www.imdb.com/title/tt0107286,Movie,6.6,110,1993,"Drama, Crime, Thriller, Action",20870,"1993-10-15","Stephen Hopkins"
